(0.0, 0.1, 2.8)
(0.0, 0.1, 2.8)
(0.0, 0.1, 2.8)
(0.0, 0.1, 2.8)
(0.0, 0.1, 2.8)
(0.0, 0.1, 2.8)
(0.0, 0.1, 2.8)
(0.0, 0.1, 2.8)
(0.0, 0.1, 2.8)
(0.0, 0.1, 2.8)
(0.0, 0.1, 2.8)
(0.0, 0.1, 2.8)
(0.0, 0.1, 2.8)
(0.0, 0.1, 2.8)
(0.0, 0.1, 2.8)
(0.0, 0.1, 2.8)
(0.0, 0.1, 2.8)
(0.0, 0.1, 2.8)
(0.0, 0.1, 2.8)
(0.0, 0.1, 2.8)
(0.0, 0.1, 2.8)
(0.0, 0.1, 2.8)
(0.0, 0.1, 2.8)
(0.0, 0.1, 2.8)
(0.0, 0.1, 2.8)
(0.0, 0.1, 2.8)
(0.0, 0.1, 2.8)
(0.0, 0.1, 2.8)
(0.0, 0.1, 2.8)
(0.0, 0.1, 2.8)
(0.0, 0.1, 2.8)
(0.0, 0.1, 2.8)
(0.0, 0.1, 2.8)
(0.0, 0.1, 2.8)
(0.0, 0.1, 2.8)
(0.0, 0.1, 2.8)
(0.0, 0.1, 2.8)
(0.0, 0.1, 2.8)
(0.0, 0.1, 2.8)
(0.0, 0.1, 2.8)
(0.0, 0.1, 2.8)
(0.0, 0.1, 2.8)
(0.0, 0.1, 2.8)
(0.0, 0.1, 2.8)
(0.0, 0.1, 2.8)
(0.0, 0.1, 2.8)
(0.0, 0.1, 2.8)
(0.0, 0.1, 2.8)
(0.0, 0.1, 2.8)
(0.0, 0.1, 2.8)
(0.0, 0.1, 2.8)
(0.0, 0.1, 2.8)
(0.0, 0.1, 2.8)
(0.0, 0.1, 2.8)
(0.0, 0.1, 2.8)
(0.0, 0.1, 2.8)
(0.0, 0.1, 2.8)
(0.0, 0.1, 2.8)
(0.0, 0.1, 2.8)
(0.0, 0.1, 2.8)
(0.0, 0.1, 2.8)
(0.0, 0.1, 2.8)
(0.0, 0.1, 2.8)
(0.0, 0.1, 2.8)
(0.0, 0.1, 2.8)
(0.0, 0.1, 2.8)
(0.0, 0.1, 2.8)
(0.0, 0.1, 2.8)
(0.0, 0.2, 2.7)
(-0.1, 0.7, 2.7)
(-0.1, 1.1, 2.6)
(-0.1, 1.1, 2.7)
(-0.2, 1.1, 2.7)
(-0.1, 1.1, 2.7)
(-0.1, 1.1, 2.7)
(0.0, 1.1, 2.6)
(-0.1, 1.1, 2.6)
(-0.1, 1.0, 2.6)
(-0.1, 1.1, 2.6)
(-0.1, 1.1, 2.6)
(-0.1, 1.0, 2.6)
(-0.1, 1.0, 2.7)
(0.0, 1.0, 2.7)
(0.0, 1.0, 2.7)
(0.0, 1.1, 2.7)
(0.0, 1.0, 2.7)
(0.0, 1.1, 2.7)
(0.0, 1.1, 2.7)
(0.0, 1.1, 2.7)
(0.0, 1.1, 2.7)
(0.0, 1.1, 2.7)
(0.0, 1.1, 2.7)
(0.0, 1.1, 2.7)
(0.0, 1.1, 2.7)
(0.0, 1.1, 2.7)
(0.0, 1.1, 2.7)
(0.0, 1.1, 2.7)
(0.1, 1.3, 2.7)
(0.1, 1.3, 2.7)
(0.2, 1.4, 2.7)
(0.2, 1.4, 2.7)
(0.2, 1.5, 2.7)
(0.2, 1.5, 2.7)
(0.2, 1.5, 2.7)
(0.3, 1.5, 2.7)
(0.3, 1.5, 2.7)
(0.4, 1.5, 2.7)
(0.4, 1.5, 2.7)
(0.4, 1.5, 2.6)
(0.4, 1.5, 2.6)
(0.4, 1.5, 2.7)
(0.4, 1.5, 2.7)
(0.4, 1.6, 2.7)
(0.4, 1.5, 2.7)
(0.5, 1.5, 2.8)
(0.5, 1.5, 2.8)
(0.4, 1.5, 2.8)
(0.4, 1.5, 2.8)
(0.4, 1.5, 2.7)
(0.5, 1.7, 2.5)
(0.5, 1.7, 2.5)
(0.5, 1.7, 2.5)
(0.5, 1.7, 2.5)
(0.5, 1.7, 2.5)
(0.4, 1.6, 2.6)
(0.5, 1.5, 2.7)
(0.5, 1.4, 2.8)
(0.6, 1.4, 2.8)
(0.7, 1.4, 2.8)
(0.7, 1.4, 2.8)
(0.7, 1.4, 2.8)
(0.7, 1.4, 2.8)
(0.7, 1.4, 2.8)
(0.7, 1.4, 2.8)
(0.7, 1.4, 2.8)
(0.6, 1.4, 2.8)
(0.6, 1.4, 2.7)
(0.6, 1.4, 2.8)
(0.6, 1.4, 2.8)
(0.6, 1.4, 2.7)
(0.6, 1.5, 2.7)
(0.6, 1.6, 2.6)
(0.5, 1.7, 2.6)
(0.6, 1.7, 2.6)
(0.6, 1.7, 2.6)
(0.6, 1.7, 2.5)
(0.6, 1.7, 2.6)
(0.6, 1.6, 2.7)
(0.6, 1.5, 2.8)
(0.6, 1.5, 2.7)
(0.7, 1.4, 2.7)
(0.6, 1.4, 2.7)
(0.6, 1.4, 2.7)
(0.6, 1.4, 2.8)
(0.6, 1.4, 2.8)
(0.6, 1.4, 2.8)
(0.6, 1.4, 2.8)
(0.6, 1.4, 2.8)
(0.6, 1.4, 2.7)
(0.6, 1.4, 2.7)
(0.6, 1.5, 2.7)
(0.6, 1.6, 2.6)
(0.6, 1.7, 2.6)
(0.6, 1.7, 2.6)
(0.6, 1.7, 2.6)
(0.6, 1.7, 2.5)
(0.6, 1.7, 2.5)
(0.6, 1.7, 2.6)
(0.6, 1.7, 2.6)
(0.6, 1.7, 2.6)
(0.6, 1.7, 2.5)
(0.6, 1.7, 2.6)
(0.6, 1.7, 2.6)
(0.6, 1.7, 2.6)
(0.6, 1.7, 2.6)
(0.6, 1.7, 2.6)
(0.6, 1.7, 2.6)
(0.7, 1.7, 2.6)
(0.6, 1.7, 2.6)
(0.6, 1.7, 2.6)
(0.6, 1.7, 2.6)
(0.6, 1.7, 2.6)
(0.6, 1.7, 2.6)
(0.6, 1.7, 2.6)
(0.6, 1.7, 2.6)
(0.6, 1.7, 2.6)
(0.6, 1.7, 2.6)
(0.6, 1.7, 2.6)
(0.6, 1.7, 2.6)
(0.6, 1.7, 2.6)
(0.6, 1.7, 2.6)
(0.6, 1.7, 2.6)
(0.6, 1.7, 2.6)
(0.6, 1.7, 2.6)
(0.6, 1.7, 2.6)
(0.7, 1.7, 2.6)
(0.7, 1.7, 2.6)
(0.6, 1.7, 2.6)
(0.7, 1.7, 2.6)
(0.6, 1.7, 2.6)
(0.6, 1.7, 2.6)
(0.6, 1.6, 2.7)
(0.6, 1.4, 2.7)
(0.6, 1.4, 2.7)
(0.6, 1.3, 2.6)
(0.6, 1.3, 2.6)
(0.6, 1.3, 2.6)
(0.6, 1.3, 2.6)
(0.6, 1.3, 2.6)
(0.6, 1.3, 2.6)
(0.6, 1.3, 2.6)
(0.6, 1.3, 2.6)
(0.6, 1.3, 2.5)
(0.4, 1.4, 2.5)
(0.2, 1.4, 2.5)
(-1.1, -175.2, 1.8)
(-3.8, -546.3, 0.3)
(-6.4, -920.0, -1.2)
(-9.0, -1288.0, -2.7)
(-11.6, -1666.8, -4.2)
(-14.2, -2048.1, -5.7)
(-16.9, -2432.0, -7.3)
(-19.5, -2810.0, -8.7)
(-22.1, -3198.9, -10.3)
(-24.7, -3590.4, -11.8)
(-27.4, -3984.5, -13.3)
(-29.9, -4372.5, -14.8)
(-32.6, -4771.6, -16.3)
(-35.1, -5164.6, -17.8)
(-37.8, -5568.8, -19.3)
(-40.3, -5966.7, -20.8)
(-43.0, -6376.0, -22.3)
(-45.6, -6787.8, -23.8)
(0.6, 1.4, 2.7)
(0.6, 1.4, 2.7)
(0.6, 1.4, 2.7)
(0.6, 1.4, 2.7)
(0.6, 1.4, 2.7)
(0.6, 1.4, 2.7)
(0.6, 1.4, 2.7)
(0.6, 1.4, 2.7)
(0.6, 1.4, 2.7)
(0.6, 1.5, 2.7)
(0.6, 1.5, 2.7)
(0.6, 1.5, 2.7)
(0.6, 1.6, 2.7)
(0.6, 1.6, 2.7)
(0.6, 1.6, 2.7)
(0.6, 1.6, 2.7)
(0.5, 1.6, 2.7)
(0.6, 1.6, 2.7)
(0.6, 1.7, 2.6)
(0.6, 1.8, 2.6)
(0.5, 1.8, 2.6)
(0.6, 1.7, 2.5)
(0.6, 1.7, 2.5)
(0.6, 1.7, 2.5)
(0.6, 1.7, 2.6)
(0.6, 1.7, 2.6)
(0.6, 1.7, 2.6)
(0.6, 1.7, 2.6)
(0.6, 1.7, 2.6)
(0.6, 1.7, 2.6)
(0.6, 1.7, 2.6)
(0.6, 1.7, 2.6)
(0.6, 1.7, 2.6)
(0.6, 1.7, 2.6)
(0.6, 1.7, 2.6)
(0.6, 1.7, 2.6)
(0.6, 1.7, 2.6)
(0.6, 1.7, 2.6)
(0.6, 1.7, 2.6)
(0.6, 1.7, 2.6)
(0.6, 1.7, 2.6)
(0.6, 1.7, 2.6)
(0.6, 1.7, 2.6)
(0.6, 1.7, 2.6)
(0.6, 1.7, 2.6)
(0.6, 1.7, 2.6)
(0.6, 1.7, 2.6)
(0.6, 1.7, 2.6)
(0.6, 1.7, 2.6)
(0.6, 1.7, 2.6)
(0.6, 1.7, 2.6)
(0.6, 1.7, 2.6)
(0.6, 1.7, 2.6)
(0.6, 1.7, 2.6)
(0.6, 1.7, 2.6)
(0.6, 1.7, 2.6)
(0.6, 1.7, 2.6)
(0.6, 1.7, 2.6)
(0.6, 1.7, 2.6)
(0.7, 1.7, 2.6)
(0.6, 1.7, 2.6)
(0.6, 1.7, 2.5)
(0.6, 1.7, 2.5)
(0.7, 1.7, 2.6)
(0.7, 1.7, 2.6)
(0.7, 1.7, 2.6)
(0.7, 1.7, 2.6)
(0.7, 1.7, 2.6)
(0.7, 1.7, 2.6)
(0.7, 1.7, 2.6)
(0.7, 1.7, 2.6)
(0.7, 1.7, 2.6)
(0.7, 1.7, 2.6)
(0.7, 1.7, 2.6)
(0.7, 1.7, 2.6)
(0.7, 1.7, 2.6)
(0.7, 1.7, 2.6)
(0.7, 1.7, 2.6)
(0.7, 1.7, 2.6)
(0.7, 1.7, 2.6)
(0.7, 1.7, 2.6)
(0.7, 1.7, 2.6)
(0.7, 1.7, 2.6)
(0.7, 1.7, 2.6)
(0.7, 1.7, 2.6)
(0.7, 1.7, 2.6)
(0.7, 1.7, 2.6)
(0.7, 1.7, 2.6)
(0.7, 1.7, 2.6)
(0.7, 1.7, 2.6)
(0.7, 1.7, 2.6)
(0.7, 1.7, 2.6)
(0.7, 1.7, 2.6)
(0.7, 1.7, 2.6)
(0.7, 1.7, 2.6)
(0.7, 1.7, 2.6)
(0.7, 1.7, 2.6)
(0.7, 1.7, 2.6)
(0.7, 1.7, 2.6)
(0.7, 1.7, 2.6)
(0.7, 1.7, 2.6)
(0.7, 1.7, 2.6)
(0.7, 1.7, 2.6)
(0.7, 1.7, 2.6)
(0.7, 1.7, 2.6)
(0.7, 1.7, 2.6)
(0.7, 1.7, 2.6)
(0.7, 1.7, 2.6)
(0.7, 1.7, 2.6)
(0.7, 1.7, 2.6)
(0.7, 1.7, 2.6)
(0.7, 1.7, 2.6)
(0.7, 1.7, 2.6)
(0.7, 1.7, 2.6)
(0.7, 1.7, 2.6)
(0.7, 1.7, 2.6)
(0.7, 1.7, 2.6)
(0.7, 1.7, 2.6)
(0.7, 1.7, 2.6)
(0.7, 1.7, 2.6)
(0.7, 1.7, 2.6)
(0.7, 1.7, 2.6)
(0.8, 1.7, 2.6)
(0.8, 1.7, 2.6)
(0.8, 1.7, 2.6)
(0.8, 1.7, 2.6)
(0.8, 1.7, 2.6)
(0.8, 1.7, 2.6)
(0.8, 1.7, 2.6)
(0.8, 1.7, 2.6)
(0.8, 1.7, 2.6)
(0.8, 1.7, 2.6)
(0.8, 1.7, 2.6)
(0.8, 1.7, 2.6)
(0.8, 1.7, 2.6)
(0.8, 1.7, 2.6)
(0.8, 1.7, 2.6)
(0.8, 1.7, 2.6)
(0.8, 1.7, 2.6)
(0.8, 1.7, 2.6)
(0.8, 1.7, 2.6)
(0.8, 1.7, 2.6)
(0.8, 1.7, 2.6)
(0.8, 1.7, 2.6)
(0.8, 1.7, 2.6)
(0.8, 1.7, 2.6)
(0.8, 1.7, 2.6)
(0.8, 1.7, 2.6)
(0.8, 1.7, 2.6)
(0.8, 1.7, 2.6)
(0.8, 1.7, 2.6)
(0.8, 1.7, 2.6)
(0.8, 1.7, 2.6)
(0.8, 1.7, 2.6)
(0.8, 1.7, 2.6)
(0.8, 1.7, 2.6)
(0.8, 1.7, 2.6)
(0.8, 1.7, 2.6)
(0.8, 1.7, 2.6)
(0.8, 1.7, 2.6)
(0.8, 1.7, 2.6)
(0.8, 1.7, 2.5)
(0.8, 1.7, 2.5)
(0.8, 1.7, 2.5)
(0.8, 1.7, 2.6)
(0.8, 1.7, 2.6)
(0.8, 1.7, 2.5)
(0.8, 1.7, 2.5)
(0.8, 1.7, 2.5)
(0.8, 1.7, 2.6)
(0.8, 1.7, 2.6)
(0.8, 1.7, 2.6)
(0.8, 1.7, 2.6)
(0.8, 1.7, 2.6)
(0.8, 1.7, 2.6)
(0.8, 1.7, 2.6)
(0.8, 1.7, 2.6)
(0.8, 1.7, 2.6)
(0.8, 1.7, 2.6)
(0.8, 1.7, 2.6)
(0.8, 1.7, 2.5)
(0.8, 1.7, 2.5)
(0.8, 1.7, 2.5)
(0.8, 1.7, 2.6)
(0.8, 1.7, 2.6)
(0.8, 1.7, 2.6)
(0.8, 1.7, 2.6)
(0.8, 1.7, 2.6)
(0.8, 1.7, 2.6)
(0.8, 1.7, 2.6)
(0.8, 1.7, 2.6)
(0.8, 1.7, 2.6)
(0.8, 1.7, 2.6)
(0.8, 1.7, 2.6)
(0.8, 1.7, 2.6)
(0.8, 1.7, 2.6)
(0.8, 1.7, 2.6)
(0.8, 1.7, 2.6)
(0.8, 1.7, 2.6)
(0.8, 1.7, 2.6)
(0.8, 1.7, 2.6)
(0.8, 1.7, 2.6)
(0.8, 1.7, 2.6)
(0.8, 1.7, 2.6)
(0.8, 1.7, 2.6)
(0.8, 1.7, 2.6)
(0.8, 1.7, 2.6)
(0.8, 1.7, 2.6)
(0.8, 1.7, 2.6)
(0.8, 1.7, 2.6)
(0.8, 1.7, 2.6)
(0.8, 1.7, 2.6)
(0.8, 1.7, 2.6)
(0.8, 1.7, 2.6)
(0.8, 1.7, 2.6)
(0.8, 1.7, 2.6)
(0.8, 1.7, 2.6)
(0.8, 1.7, 2.6)
(0.8, 1.7, 2.6)
(0.8, 1.7, 2.6)
(0.8, 1.7, 2.6)
(0.8, 1.7, 2.6)
(0.8, 1.7, 2.6)
(0.8, 1.7, 2.6)
(0.8, 1.7, 2.6)
(0.8, 1.7, 2.6)
(0.8, 1.7, 2.6)
(0.8, 1.7, 2.6)
(0.8, 1.7, 2.6)
(0.8, 1.7, 2.6)
(0.8, 1.7, 2.6)
(0.8, 1.7, 2.6)
(0.8, 1.7, 2.6)
(0.8, 1.7, 2.6)
(0.8, 1.7, 2.6)
(0.8, 1.7, 2.6)
(0.8, 1.7, 2.6)
(0.8, 1.7, 2.6)
(0.8, 1.7, 2.6)
(0.8, 1.7, 2.6)
(0.8, 1.7, 2.6)
(0.8, 1.7, 2.6)
(0.8, 1.7, 2.6)
(0.8, 1.7, 2.6)
(0.8, 1.7, 2.6)
(0.8, 1.7, 2.6)
(0.8, 1.7, 2.6)
(0.8, 1.7, 2.6)
(0.8, 1.7, 2.6)
(0.8, 1.7, 2.6)
(0.8, 1.7, 2.6)
(0.8, 1.7, 2.6)
(0.8, 1.7, 2.6)
(0.8, 1.7, 2.6)
(0.8, 1.7, 2.6)
(0.8, 1.7, 2.6)
(0.8, 1.7, 2.6)
(0.8, 1.7, 2.6)
(0.8, 1.7, 2.6)
(0.8, 1.7, 2.6)
(0.8, 1.7, 2.6)
(0.8, 1.7, 2.6)
(0.8, 1.7, 2.6)
(0.8, 1.7, 2.6)
(0.8, 1.7, 2.6)
(0.8, 1.7, 2.6)
(0.8, 1.7, 2.6)
(0.8, 1.7, 2.6)
(0.8, 1.7, 2.6)
(0.8, 1.7, 2.6)
(0.8, 1.7, 2.6)
(0.8, 1.7, 2.6)
(0.8, 1.7, 2.6)
(0.8, 1.7, 2.6)
(0.8, 1.7, 2.6)
(0.8, 1.7, 2.6)
(0.7, 1.7, 2.6)
(0.7, 1.7, 2.6)
(0.8, 1.7, 2.6)
(0.8, 1.7, 2.6)
(0.8, 1.7, 2.6)
(0.8, 1.7, 2.6)
(0.8, 1.7, 2.6)
(0.8, 1.7, 2.6)
(0.8, 1.7, 2.6)
(0.8, 1.7, 2.6)
(0.8, 1.7, 2.6)
(0.8, 1.7, 2.6)
(0.7, 1.7, 2.6)
(0.8, 1.7, 2.6)
(0.8, 1.7, 2.6)
(0.8, 1.7, 2.6)
(0.8, 1.7, 2.6)
(0.8, 1.7, 2.6)
(0.8, 1.7, 2.6)
(0.8, 1.7, 2.6)
(0.8, 1.7, 2.6)
(0.8, 1.7, 2.6)
(0.8, 1.7, 2.6)
(0.8, 1.7, 2.6)
(0.7, 1.7, 2.6)
(0.7, 1.7, 2.6)
(0.7, 1.7, 2.6)
(0.8, 1.7, 2.6)
(0.8, 1.7, 2.6)
(0.8, 1.7, 2.6)
(0.8, 1.7, 2.6)
(0.8, 1.7, 2.6)
(0.8, 1.7, 2.6)
(0.8, 1.7, 2.6)
(0.8, 1.7, 2.6)
(0.8, 1.7, 2.6)
(0.8, 1.7, 2.6)
(0.8, 1.7, 2.6)
(0.8, 1.7, 2.6)
(0.8, 1.7, 2.6)
(0.7, 1.7, 2.6)
(0.7, 1.7, 2.6)
(0.8, 1.7, 2.6)
(0.8, 1.7, 2.6)
(0.7, 1.7, 2.6)
(0.6, 1.7, 2.5)
(0.5, 1.7, 2.4)
(0.4, 1.8, 2.4)
(0.4, 1.7, 2.5)
(0.4, 1.7, 2.6)
(0.3, 1.7, 2.7)
(0.2, 1.7, 2.7)
(0.0, 1.7, 2.7)
(0.0, 1.7, 2.7)
(0.0, 1.7, 2.7)
(0.0, 1.7, 2.7)
(-0.1, 1.7, 2.7)
(-0.1, 1.7, 2.7)
(-0.1, 1.7, 2.8)
(-0.2, 1.7, 2.8)
(-0.3, 1.7, 2.8)
(-0.2, 1.7, 2.8)
(-0.2, 1.7, 2.8)
(-0.3, 1.7, 2.8)
(-0.4, 1.7, 2.9)
(-0.5, 1.7, 2.9)
(-0.6, 1.7, 2.9)
(-0.6, 1.7, 2.9)
(-0.6, 1.7, 2.9)
(-0.6, 1.7, 2.9)
(-0.5, 1.7, 2.9)
(-0.5, 1.7, 2.9)
(-0.5, 1.7, 2.9)
(-0.6, 1.7, 2.9)
(-0.6, 1.7, 2.9)
(-0.6, 1.7, 3.0)
(-0.5, 1.7, 3.0)
(-0.5, 1.7, 3.1)
(-0.5, 1.7, 3.1)
(-0.5, 1.7, 3.0)
(-0.5, 1.7, 3.0)
(-0.5, 1.7, 3.0)
(-0.5, 1.7, 3.0)
(-0.5, 1.7, 3.0)
(-0.5, 1.7, 3.1)
(-0.5, 1.7, 3.1)
(-0.4, 1.7, 3.2)
(-0.4, 1.7, 3.2)
(-0.4, 1.7, 3.2)
(-0.4, 1.7, 3.2)
(-0.3, 1.7, 3.2)
(-0.3, 1.7, 3.2)
(-0.3, 1.7, 3.3)
(-0.4, 1.7, 3.5)
(-0.5, 1.7, 3.6)
(-0.4, 1.7, 3.7)
(-0.4, 1.7, 3.9)
(-0.4, 1.7, 4.1)
(-0.5, 1.7, 4.2)
(-0.4, 1.7, 4.4)
(-0.4, 1.7, 4.5)
(-0.4, 1.7, 4.7)
(-0.4, 1.7, 4.9)
(-0.4, 1.7, 5.1)
(-0.3, 1.7, 5.3)
(-0.3, 1.7, 5.5)
(-0.4, 1.7, 5.7)
(-0.4, 1.7, 5.8)
(-0.3, 1.7, 6.0)
(-0.3, 1.7, 6.3)
(-0.4, 1.7, 6.5)
(-0.4, 1.7, 6.6)
(-0.4, 1.7, 6.8)
(-0.3, 1.7, 7.0)
(-0.3, 1.7, 7.1)
(-0.3, 1.7, 7.3)
(-0.3, 1.7, 7.5)
(-0.3, 1.7, 7.6)
(-0.3, 1.7, 7.8)
(-0.3, 1.7, 8.0)
(-0.4, 1.7, 8.1)
(-0.4, 1.7, 8.1)
(-0.3, 1.7, 8.3)
(-0.3, 1.7, 8.3)
(-0.4, 1.7, 8.4)
(-0.5, 1.7, 8.4)
(-0.5, 1.7, 8.4)
(-0.5, 1.7, 8.5)
(-0.5, 1.7, 8.5)
(-0.5, 1.7, 8.5)
(-0.5, 1.7, 8.5)
(-0.4, 1.7, 8.5)
(-0.3, 1.7, 8.6)
(-0.3, 1.7, 8.6)
(-0.3, 1.7, 8.6)
(-0.4, 1.7, 8.7)
(-0.5, 1.7, 8.8)
(-0.5, 1.7, 8.9)
(-0.5, 1.7, 9.0)
(-0.5, 1.7, 9.1)
0, 1
(-0.5, 1.7, -2.7)
(-0.6, 1.7, -2.7)
(-0.6, 1.7, -2.7)
(-0.6, 1.7, -2.7)
(-0.6, 1.7, -2.7)
(-0.6, 1.7, -2.7)
(-0.6, 1.7, -2.7)
(-0.6, 1.7, -2.7)
(-0.6, 1.7, -2.7)
(-0.7, 1.7, -2.7)
(-0.7, 1.7, -2.7)
(-0.6, 1.7, -2.7)
(-0.6, 1.7, -2.6)
(-0.6, 1.7, -2.7)
(-0.6, 1.7, -2.7)
(-0.6, 1.7, -2.7)
(-0.6, 1.7, -2.7)
(-0.6, 1.7, -2.8)
(-0.6, 1.7, -2.8)
(-0.5, 1.7, -2.9)
(-0.5, 1.7, -2.9)
(-0.6, 1.7, -2.8)
(-0.5, 1.7, -2.7)
(-0.4, 1.7, -2.7)
(-0.4, 1.7, -2.8)
(-0.4, 1.7, -2.7)
(-0.4, 1.7, -2.7)
(-0.5, 1.7, -2.8)
(-0.5, 1.7, -2.8)
(-0.5, 1.7, -2.9)
(-0.5, 1.7, -2.9)
(-0.5, 1.7, -3.0)
(-0.5, 1.7, -3.1)
(-0.5, 1.7, -3.2)
(-0.4, 1.7, -3.4)
(-0.5, 1.7, -3.5)
(-0.5, 1.7, -3.6)
(-0.5, 1.7, -3.8)
(-0.4, 1.7, -3.9)
(-0.3, 1.7, -4.1)
(-0.3, 1.7, -4.2)
(-0.3, 1.7, -4.4)
(-0.2, 1.7, -4.5)
(-0.1, 1.7, -4.7)
(-0.1, 1.7, -4.8)
(-0.1, 1.7, -5.0)
(0.0, 1.7, -5.1)
(0.1, 1.7, -5.3)
(0.1, 1.7, -5.4)
(0.1, 1.7, -5.6)
(0.3, 1.7, -5.8)
(0.4, 1.7, -5.9)
(0.4, 1.7, -6.1)
(0.4, 1.7, -6.2)
(0.4, 1.7, -6.3)
(0.5, 1.7, -6.4)
(0.4, 1.7, -6.5)
(0.3, 1.7, -6.6)
(0.3, 1.7, -6.7)
(0.3, 1.7, -6.8)
(0.3, 1.7, -6.9)
(0.3, 1.7, -7.0)
(0.2, 1.7, -7.1)
(0.1, 1.7, -7.2)
(0.2, 1.7, -7.4)
(0.3, 1.8, -7.5)
(0.3, 1.7, -7.5)
(0.3, 1.7, -7.5)
(0.3, 1.7, -7.6)
(0.2, 1.7, -7.7)
(0.2, 1.7, -7.8)
(0.2, 1.7, -7.9)
(0.3, 1.7, -8.0)
(0.3, 1.7, -8.0)
(0.3, 1.7, -8.1)
(0.2, 1.7, -8.2)
(0.3, 1.7, -8.3)
(0.4, 1.7, -8.5)
(0.4, 1.7, -8.5)
(0.4, 1.7, -8.7)
(0.3, 1.7, -8.8)
(0.3, 1.7, -8.8)
(0.2, 1.7, -8.6)
(0.1, 1.7, -8.6)
(0.1, 1.7, -8.7)
(0.1, 1.7, -8.7)
(0.0, 1.7, -8.8)
(0.0, 1.7, -8.7)
(0.0, 1.7, -8.7)
(0.0, 1.7, -8.6)
(-0.1, 1.7, -8.5)
(-0.1, 1.7, -8.5)
(0.1, 1.7, -8.6)
(0.0, 1.7, -8.7)
(0.0, 1.7, -8.7)
(-0.1, 1.7, -8.7)
(-0.1, 1.7, -8.7)
(0.0, 1.7, -8.7)
(0.0, 1.7, -8.7)
(-0.1, 1.7, -8.7)
(-0.1, 1.7, -8.7)
(-0.1, 1.7, -8.8)
(-0.1, 1.7, -8.9)
(-0.1, 1.7, -9.0)
0, 2
(0.0, 1.7, 2.7)
(0.1, 1.7, 2.6)
(0.0, 1.7, 2.6)
(-0.2, 1.7, 2.7)
(-0.2, 1.7, 2.8)
(-0.3, 1.7, 2.8)
(-0.3, 1.7, 2.8)
(-0.3, 1.7, 2.8)
(-0.3, 1.7, 2.9)
(-0.3, 1.7, 2.9)
(-0.3, 1.7, 2.9)
(-0.3, 1.7, 2.9)
(-0.4, 1.7, 3.0)
(-0.3, 1.7, 3.0)
(-0.2, 1.7, 3.2)
(-0.2, 1.7, 3.4)
(-0.2, 1.7, 3.6)
(-0.2, 1.8, 3.8)
(-0.1, 1.7, 4.1)
(0.0, 1.7, 4.3)
(0.0, 1.7, 4.6)
(0.1, 1.7, 4.9)
(0.2, 1.7, 5.2)
(0.2, 1.7, 5.4)
(0.1, 1.7, 5.7)
(0.1, 1.7, 5.8)
(0.3, 1.7, 6.0)
(0.2, 1.7, 6.3)
(0.1, 1.7, 6.5)
(0.2, 1.7, 6.7)
(0.3, 1.7, 6.9)
(0.3, 1.7, 7.1)
(0.2, 1.7, 7.3)
(0.2, 1.7, 7.4)
(0.3, 1.7, 7.6)
(0.4, 1.7, 7.6)
(0.5, 1.7, 7.7)
(0.5, 1.7, 7.7)
(0.6, 1.7, 7.7)
(0.5, 1.7, 7.7)
(0.5, 1.7, 7.8)
(0.4, 1.7, 8.0)
(0.3, 1.7, 8.2)
(0.3, 1.7, 8.4)
(0.4, 1.7, 8.6)
(0.3, 1.7, 8.9)
0, 3
(0.2, 1.7, -2.8)
(0.1, 1.7, -2.3)
(0.0, 1.7, -2.3)
(0.0, 1.7, -2.3)
(0.0, 1.7, -2.5)
(0.2, 1.7, -2.6)
(0.3, 1.7, -2.6)
(0.3, 1.7, -2.6)
(0.1, 1.7, -2.5)
(0.1, 1.7, -2.4)
(0.0, 1.7, -2.4)
(-0.1, 1.7, -2.4)
(-0.1, 1.7, -2.5)
(-0.1, 1.7, -2.5)
(-0.1, 1.7, -2.5)
(-0.1, 1.7, -2.5)
(-0.1, 1.7, -2.5)
(-0.1, 1.7, -2.5)
(-0.1, 1.7, -2.5)
(-0.1, 1.7, -2.5)
(-0.1, 1.8, -2.5)
(-0.1, 1.7, -2.5)
(-0.2, 1.7, -2.5)
(-0.2, 1.7, -2.5)
(-0.2, 1.7, -2.5)
(-0.2, 1.7, -2.5)
(-0.2, 1.7, -2.5)
(-0.2, 1.7, -2.5)
(-0.2, 1.7, -2.5)
(-0.1, 1.8, -2.5)
(-0.1, 1.8, -2.5)
(-0.1, 1.8, -2.4)
(0.0, 1.8, -2.4)
(0.0, 1.7, -2.3)
(0.0, 1.7, -2.3)
(0.0, 1.7, -2.3)
(0.1, 1.7, -2.3)
(0.1, 1.7, -2.3)
(0.1, 1.7, -2.3)
(0.1, 1.7, -2.3)
(0.1, 1.7, -2.3)
(0.1, 1.7, -2.3)
(0.1, 1.7, -2.3)
(0.1, 1.7, -2.3)
(0.1, 1.7, -2.3)
(0.1, 1.7, -2.3)
(0.1, 1.7, -2.3)
(0.1, 1.7, -2.2)
(0.1, 1.7, -2.2)
(-0.1, 1.7, -2.2)
(-0.3, 1.8, -2.1)
(-0.3, 1.7, -2.1)
(-0.2, 1.7, -2.1)
(-0.1, 1.7, -2.1)
(-0.1, 1.7, -2.1)
(-0.1, 1.7, -2.1)
(-0.1, 1.7, -2.1)
(-0.1, 1.7, -2.1)
(-0.1, 1.7, -2.1)
(-0.1, 1.7, -2.1)
(-0.1, 1.8, -2.1)
(-0.1, 1.8, -2.1)
(-0.1, 1.8, -2.1)
(-0.1, 1.8, -2.1)
(-0.1, 1.8, -2.1)
(-0.1, 1.8, -2.1)
(-0.2, 1.8, -2.1)
(-0.2, 1.8, -2.1)
(-0.3, 1.8, -2.1)
(-0.3, 1.8, -2.1)
(-0.3, 1.8, -2.1)
(-0.4, 1.8, -2.1)
(-0.4, 1.8, -2.1)
(-0.4, 1.8, -2.1)
(-0.3, 1.8, -2.1)
(-0.3, 1.8, -2.1)
(-0.3, 1.8, -2.1)
(-0.3, 1.8, -2.1)
(-0.3, 1.8, -2.1)
(-0.2, 1.8, -2.1)
(-0.2, 1.8, -2.1)
(-0.2, 1.8, -2.1)
(-0.1, 1.8, -2.1)
(-0.1, 1.8, -2.1)
(-0.1, 1.7, -2.1)
(0.0, 1.7, -2.1)
(0.0, 1.7, -2.1)
(0.0, 1.7, -2.1)
(0.0, 1.7, -2.1)
(0.0, 1.7, -2.1)
(0.0, 1.7, -2.1)
(0.0, 0.1, 2.8)
(0.0, 0.1, 2.8)
(0.0, 0.1, 2.8)
(0.0, 0.1, 2.8)
(0.0, 0.1, 2.8)
(0.0, 0.1, 2.8)
(0.0, 0.1, 2.8)
(0.0, 0.1, 2.8)
(0.0, 0.1, 2.8)
(0.0, 0.1, 2.8)
(0.0, 0.1, 2.8)
(0.0, 0.1, 2.8)
(0.0, 0.1, 2.8)
(0.0, 0.1, 2.8)
(0.0, 0.1, 2.8)
(0.0, 0.1, 2.8)
(0.0, 0.5, 2.8)
(-0.1, 1.1, 2.8)
(0.0, 1.3, 2.7)
(0.0, 1.3, 2.6)
(0.1, 1.2, 2.7)
(0.1, 1.2, 2.7)
(0.1, 1.2, 2.6)
(0.1, 1.2, 2.6)
(0.0, 1.2, 2.6)
(0.0, 1.3, 2.6)
(0.1, 1.2, 2.7)
(0.1, 1.2, 2.7)
(0.1, 1.2, 2.8)
(0.1, 1.2, 2.8)
(0.1, 1.2, 2.8)
(0.1, 1.2, 2.8)
(0.1, 1.2, 2.8)
(0.1, 1.2, 2.8)
(0.1, 1.2, 2.8)
(0.1, 1.2, 2.8)
(0.1, 1.2, 2.8)
(0.1, 1.2, 2.8)
(0.1, 1.2, 2.8)
(0.2, 1.2, 2.8)
(0.2, 1.2, 2.8)
(0.2, 1.3, 2.9)
(0.3, 1.3, 2.9)
(0.3, 1.4, 2.9)
(0.3, 1.4, 2.9)
(0.3, 1.4, 2.9)
(0.3, 1.4, 2.9)
(0.3, 1.4, 2.9)
(0.3, 1.4, 2.9)
(0.3, 1.4, 2.9)
(0.3, 1.4, 2.9)
(0.3, 1.4, 2.9)
(0.3, 1.4, 2.9)
(0.3, 1.4, 2.9)
(0.3, 1.4, 2.9)
(0.3, 1.4, 2.9)
(0.3, 1.4, 2.9)
(0.3, 1.4, 2.9)
(0.3, 1.4, 2.9)
(0.3, 1.4, 2.9)
(0.3, 1.4, 2.9)
(0.3, 1.5, 2.9)
(0.3, 1.5, 2.9)
(0.3, 1.6, 2.9)
(0.3, 1.6, 2.8)
(0.3, 1.7, 2.8)
(0.3, 1.7, 2.8)
(0.3, 1.7, 2.8)
(0.3, 1.7, 2.8)
(0.3, 1.7, 2.8)
(0.3, 1.7, 2.8)
(0.3, 1.7, 2.8)
(0.3, 1.7, 2.7)
(0.3, 1.7, 2.7)
(0.3, 1.7, 2.7)
(0.3, 1.7, 2.8)
(0.4, 1.7, 2.8)
(0.4, 1.7, 2.8)
(0.4, 1.7, 2.8)
(0.4, 1.7, 2.7)
(0.4, 1.7, 2.7)
(0.4, 1.7, 2.7)
(0.4, 1.7, 2.7)
(0.3, 1.7, 2.7)
(0.3, 1.7, 2.7)
(0.4, 1.7, 2.7)
(0.4, 1.7, 2.8)
(0.4, 1.7, 2.8)
(0.4, 1.7, 2.8)
(0.4, 1.7, 2.8)
(0.4, 1.7, 2.7)
(0.4, 1.7, 2.7)
(0.4, 1.7, 2.7)
(0.4, 1.7, 2.7)
(0.4, 1.7, 2.8)
(0.3, 1.7, 2.8)
(0.3, 1.7, 2.8)
(0.3, 1.7, 2.8)
(0.2, 1.7, 2.7)
(0.1, 1.7, 2.7)
(0.0, 1.7, 2.7)
(0.0, 1.7, 2.8)
(-0.1, 1.7, 3.1)
(-0.1, 1.7, 3.2)
(-0.2, 1.7, 3.4)
(-0.3, 1.7, 3.6)
(-0.3, 1.7, 3.9)
(-0.2, 1.7, 4.1)
(-0.3, 1.7, 4.4)
(-0.3, 1.7, 4.6)
(-0.2, 1.7, 4.9)
(-0.2, 1.7, 5.2)
(-0.3, 1.7, 5.5)
(-0.4, 1.7, 5.8)
(-0.3, 1.7, 6.1)
(-0.3, 1.6, 6.3)
(-0.4, 1.7, 6.5)
(-0.4, 1.7, 6.7)
(-0.4, 1.7, 7.0)
(-0.4, 1.7, 7.3)
(-0.4, 1.7, 7.6)
(-0.3, 1.6, 7.8)
(-0.2, 1.7, 8.0)
(-0.2, 1.6, 8.2)
(-0.3, 1.7, 8.5)
(-0.3, 1.7, 8.6)
(-0.2, 1.7, 8.8)
(-0.2, 1.7, 8.9)
(-0.2, 1.6, 9.1)
1, 1
(-0.3, 1.7, -2.7)
(-0.3, 1.7, -2.6)
(-0.2, 1.7, -2.7)
(-0.2, 1.7, -2.8)
(-0.2, 1.7, -2.9)
(-0.2, 1.7, -3.0)
(-0.3, 1.7, -3.0)
(-0.2, 1.7, -3.0)
(-0.3, 1.7, -3.0)
(-0.3, 1.7, -3.0)
(-0.3, 1.7, -3.0)
(-0.3, 1.7, -3.0)
(-0.3, 1.7, -3.0)
(-0.3, 1.7, -3.0)
(-0.3, 1.7, -3.0)
(-0.3, 1.7, -3.1)
(-0.3, 1.7, -3.1)
(-0.3, 1.7, -3.1)
(-0.3, 1.7, -3.1)
(-0.3, 1.7, -3.1)
(-0.3, 1.7, -3.1)
(-0.3, 1.7, -3.1)
(-0.3, 1.7, -3.1)
(-0.3, 1.7, -3.1)
(-0.3, 1.7, -3.1)
(-0.3, 1.7, -3.0)
(-0.3, 1.7, -3.0)
(-0.3, 1.7, -3.0)
(-0.3, 1.7, -3.0)
(-0.3, 1.7, -3.0)
(-0.3, 1.7, -3.0)
(-0.3, 1.7, -3.0)
(-0.3, 1.7, -3.0)
(-0.3, 1.7, -3.0)
(-0.3, 1.7, -3.0)
(-0.3, 1.7, -3.0)
(-0.3, 1.7, -3.0)
(-0.3, 1.7, -3.0)
(-0.3, 1.7, -3.0)
(-0.3, 1.7, -3.0)
(-0.3, 1.7, -3.0)
(-0.3, 1.7, -3.0)
(-0.3, 1.7, -3.0)
(-0.3, 1.7, -3.0)
(-0.3, 1.7, -3.0)
(-0.3, 1.7, -3.0)
(-0.3, 1.7, -3.0)
(-0.3, 1.7, -3.0)
(-0.3, 1.7, -3.0)
(-0.3, 1.7, -3.0)
(-0.3, 1.7, -3.1)
(-0.3, 1.7, -3.1)
(-0.3, 1.7, -3.0)
(-0.3, 1.7, -3.0)
(-0.3, 1.7, -3.1)
(-0.3, 1.7, -3.1)
(-0.3, 1.7, -3.1)
(-0.3, 1.7, -3.1)
(-0.3, 1.7, -3.0)
(-0.3, 1.7, -3.0)
(-0.3, 1.7, -3.0)
(-0.3, 1.7, -3.1)
(-0.3, 1.7, -3.1)
(-0.3, 1.7, -3.1)
(-0.3, 1.7, -3.1)
(-0.3, 1.7, -3.1)
(-0.3, 1.7, -3.1)
(-0.3, 1.7, -3.1)
(-0.3, 1.7, -3.1)
(-0.3, 1.7, -3.1)
(-0.3, 1.7, -3.1)
(-0.3, 1.7, -3.2)
(-0.2, 1.7, -3.4)
(-0.1, 1.7, -3.4)
(-0.1, 1.7, -3.5)
(-0.2, 1.7, -3.6)
(-0.2, 1.7, -3.7)
(-0.3, 1.7, -3.8)
(-0.2, 1.7, -3.9)
(-0.1, 1.7, -4.0)
(-0.1, 1.7, -4.1)
(-0.1, 1.7, -4.3)
(-0.2, 1.7, -4.4)
(-0.2, 1.7, -4.4)
(-0.3, 1.7, -4.5)
(-0.3, 1.6, -4.5)
(-0.2, 1.7, -4.5)
(-0.1, 1.7, -4.6)
(0.0, 1.7, -4.7)
(0.1, 1.7, -4.8)
(0.1, 1.7, -4.9)
(0.1, 1.7, -5.0)
(0.1, 1.7, -5.1)
(0.2, 1.7, -5.3)
(0.3, 1.7, -5.3)
(0.2, 1.7, -5.5)
(0.1, 1.7, -5.6)
(0.1, 1.7, -5.8)
(0.1, 1.7, -6.0)
(0.1, 1.7, -6.1)
(0.1, 1.7, -6.3)
(0.0, 1.7, -6.4)
(0.0, 1.7, -6.6)
(0.0, 1.7, -6.7)
(0.1, 1.7, -6.9)
(0.1, 1.7, -7.0)
(0.1, 1.7, -7.1)
(0.1, 1.7, -7.3)
(0.2, 1.7, -7.4)
(0.3, 1.7, -7.5)
(0.4, 1.7, -7.6)
(0.5, 1.7, -7.7)
(0.6, 1.7, -7.7)
(0.6, 1.7, -7.7)
(0.6, 1.7, -7.8)
(0.6, 1.7, -7.8)
(0.5, 1.7, -7.9)
(0.5, 1.7, -8.1)
(0.4, 1.7, -8.2)
(0.5, 1.7, -8.4)
(0.5, 1.7, -8.5)
(0.6, 1.7, -8.6)
(0.5, 1.7, -8.5)
(0.1, 1.7, -8.4)
(0.1, 1.7, -8.4)
(0.0, 1.7, -8.5)
(-0.1, 1.7, -8.6)
(-0.2, 1.7, -8.7)
(-0.1, 1.7, -8.9)
(-0.1, 1.7, -9.0)
1, 2
(-0.1, 1.7, 2.7)
(-0.1, 1.7, 2.5)
(0.0, 1.7, 2.6)
(0.0, 1.7, 2.7)
(0.0, 1.7, 2.5)
(0.0, 1.7, 2.5)
(0.0, 1.7, 2.6)
(-0.1, 1.7, 2.7)
(-0.1, 1.7, 2.8)
(-0.1, 1.7, 2.8)
(-0.1, 1.7, 3.0)
(0.0, 1.7, 3.1)
(0.0, 1.7, 3.2)
(-0.1, 1.7, 3.4)
(-0.1, 1.7, 3.6)
(-0.1, 1.7, 3.7)
(0.0, 1.7, 3.9)
(0.1, 1.7, 4.0)
(0.1, 1.7, 4.2)
(0.0, 1.7, 4.3)
(-0.1, 1.7, 4.5)
(0.0, 1.7, 4.6)
(0.1, 1.7, 4.7)
(0.1, 1.7, 4.8)
(0.0, 1.7, 4.9)
(0.0, 1.7, 5.0)
(-0.1, 1.7, 5.1)
(-0.1, 1.7, 5.2)
(0.0, 1.7, 5.4)
(0.1, 1.7, 5.5)
(0.1, 1.7, 5.6)
(0.1, 1.7, 5.7)
(0.1, 1.7, 5.8)
(0.0, 1.7, 5.9)
(0.1, 1.7, 6.0)
(0.2, 1.7, 6.2)
(0.2, 1.7, 6.3)
(0.3, 1.7, 6.4)
(0.2, 1.7, 6.6)
(0.2, 1.7, 6.7)
(0.2, 1.7, 6.7)
(0.2, 1.7, 6.7)
(0.2, 1.7, 6.7)
(0.2, 1.7, 6.8)
(0.2, 1.7, 6.8)
(0.2, 1.7, 6.8)
(0.2, 1.7, 6.8)
(0.3, 1.7, 6.9)
(0.4, 1.7, 7.1)
(0.5, 1.7, 7.2)
(0.5, 1.7, 7.3)
(0.5, 1.7, 7.5)
(0.4, 1.7, 7.6)
(0.4, 1.7, 7.6)
(0.4, 1.7, 7.7)
(0.5, 1.7, 7.8)
(0.5, 1.7, 7.9)
(0.6, 1.7, 8.0)
(0.5, 1.7, 8.1)
(0.4, 1.7, 8.2)
(0.3, 1.7, 8.3)
(0.3, 1.7, 8.3)
(0.3, 1.7, 8.4)
(0.3, 1.7, 8.4)
(0.3, 1.7, 8.5)
(0.2, 1.7, 8.7)
(0.2, 1.7, 8.9)
(0.1, 1.7, 9.0)
(0.0, 1.7, 9.1)
1, 3
(0.0, 1.7, -2.7)
(0.0, 1.7, -2.6)
(0.1, 1.7, -2.6)
(0.1, 1.7, -2.6)
(0.1, 1.7, -2.7)
(0.1, 1.7, -2.8)
(0.1, 1.7, -2.9)
(0.0, 1.6, -3.1)
(0.0, 1.7, -3.2)
(-0.1, 1.7, -3.2)
(-0.2, 1.7, -3.3)
(-0.2, 1.7, -3.4)
(-0.3, 1.7, -3.4)
(-0.3, 1.7, -3.4)
(-0.3, 1.7, -3.5)
(-0.2, 1.7, -3.7)
(-0.1, 1.7, -3.8)
(-0.1, 1.7, -3.8)
(-0.1, 1.7, -3.8)
(-0.1, 1.7, -3.9)
(-0.1, 1.7, -4.0)
(-0.2, 1.7, -4.2)
(-0.1, 1.7, -4.3)
(0.0, 1.7, -4.5)
(0.1, 1.7, -4.6)
(0.1, 1.7, -4.7)
(0.1, 1.7, -4.8)
(0.1, 1.7, -5.0)
(0.2, 1.7, -5.2)
(0.3, 1.7, -5.3)
(0.5, 1.7, -5.5)
(0.6, 1.7, -5.5)
(0.6, 1.7, -5.6)
(0.6, 1.6, -5.6)
(0.6, 1.7, -5.7)
(0.5, 1.7, -5.8)
(0.5, 1.7, -6.0)
(0.5, 1.7, -6.2)
(0.6, 1.7, -6.5)
(0.6, 1.7, -6.7)
(0.4, 1.7, -6.9)
(0.4, 1.7, -7.1)
(0.5, 1.7, -7.3)
(0.5, 1.7, -7.5)
(0.5, 1.7, -7.6)
(0.2, 1.7, -7.8)
(0.0, 1.7, -7.9)
(0.0, 1.7, -8.0)
(0.0, 1.7, -8.2)
(0.0, 1.7, -8.4)
(-0.1, 1.7, -8.5)
(-0.1, 1.7, -8.6)
(-0.1, 1.7, -8.6)
(0.0, 1.7, -8.6)
(0.2, 1.7, -8.7)
(0.3, 1.7, -8.8)
(0.3, 1.7, -9.0)
1, 4
(0.3, 1.7, 2.7)
(0.3, 1.7, 2.6)
(0.2, 1.7, 2.4)
(0.3, 1.7, 2.3)
(0.3, 1.7, 2.3)
(0.4, 1.7, 2.2)
(0.5, 1.7, 2.1)
(0.5, 1.7, 2.2)
(0.4, 1.7, 2.2)
(0.3, 1.7, 2.3)
(0.3, 1.7, 2.4)
(0.4, 1.7, 2.5)
(0.5, 1.7, 2.7)
(0.5, 1.7, 2.7)
(0.4, 1.7, 2.8)
(0.2, 1.7, 2.9)
(0.0, 1.7, 3.0)
(-0.1, 1.7, 3.1)
(-0.2, 1.7, 3.3)
(-0.3, 1.7, 3.6)
(-0.5, 1.7, 3.8)
(-0.7, 1.7, 4.1)
(-0.7, 1.7, 4.4)
(-0.7, 1.7, 4.6)
(-0.9, 1.7, 5.0)
(-0.9, 1.7, 5.2)
(-0.8, 1.7, 5.5)
(-0.8, 1.7, 5.8)
(-0.8, 1.7, 6.1)
(-0.8, 1.7, 6.3)
(-0.7, 1.7, 6.6)
(-0.7, 1.7, 6.8)
(-0.7, 1.7, 6.9)
(-0.8, 1.7, 7.2)
(-0.8, 1.7, 7.4)
(-0.7, 1.7, 7.6)
(-0.7, 1.7, 7.8)
(-0.7, 1.7, 8.1)
(-0.7, 1.7, 8.3)
(-0.7, 1.7, 8.5)
(-0.6, 1.7, 8.8)
(-0.6, 1.7, 8.9)
1, 5
(-0.6, 1.7, -2.8)
(-0.7, 1.7, -2.6)
(-0.7, 1.7, -2.6)
(-0.7, 1.7, -2.8)
(-0.7, 1.7, -2.9)
(-0.7, 1.7, -2.9)
(-0.8, 1.7, -3.0)
(-0.8, 1.7, -3.2)
(-0.8, 1.7, -3.3)
(-0.8, 1.7, -3.5)
(-0.8, 1.7, -3.6)
(-1.0, 1.7, -3.7)
(-1.0, 1.7, -3.9)
(-0.9, 1.7, -4.1)
(-0.8, 1.7, -4.3)
(-0.9, 1.7, -4.6)
(-0.9, 1.7, -4.8)
(-0.8, 1.7, -5.1)
(-0.8, 1.7, -5.2)
(-0.9, 1.7, -5.5)
(-0.9, 1.7, -5.7)
(-0.9, 1.7, -6.0)
(-0.9, 1.7, -6.3)
(-0.9, 1.7, -6.4)
(-0.9, 1.7, -6.7)
(-0.9, 1.7, -6.9)
(-0.9, 1.7, -7.2)
(-0.9, 1.7, -7.4)
(-0.9, 1.7, -7.7)
(-0.9, 1.7, -7.9)
(-0.7, 1.7, -8.1)
(-0.5, 1.7, -8.3)
(-0.5, 1.7, -8.6)
(-0.5, 1.7, -8.8)
(-0.4, 1.7, -9.0)
1, 6
(-0.3, 1.7, 2.6)
(-0.2, 1.7, 2.5)
(-0.2, 1.7, 2.3)
(-0.2, 1.7, 2.3)
(-0.3, 1.7, 2.4)
(-0.4, 1.7, 2.5)
(-0.3, 1.7, 2.6)
(-0.3, 1.7, 2.7)
(-0.3, 1.7, 2.8)
(-0.2, 1.7, 3.0)
(-0.2, 1.7, 3.2)
(-0.2, 1.7, 3.4)
(-0.3, 1.7, 3.6)
(-0.2, 1.7, 3.8)
(-0.1, 1.7, 4.0)
(-0.1, 1.7, 4.2)
(-0.1, 1.7, 4.4)
(-0.2, 1.7, 4.5)
(-0.2, 1.7, 4.6)
(-0.3, 1.7, 4.7)
(-0.2, 1.7, 4.7)
(-0.1, 1.7, 5.0)
(-0.1, 1.7, 5.2)
(-0.2, 1.7, 5.5)
(-0.3, 1.7, 5.6)
(-0.3, 1.7, 5.9)
(-0.2, 1.7, 6.1)
(-0.2, 1.7, 6.4)
(-0.2, 1.7, 6.7)
(-0.1, 1.7, 6.9)
(-0.1, 1.7, 7.2)
(-0.1, 1.7, 7.4)
(-0.2, 1.7, 7.7)
(-0.2, 1.7, 7.9)
(-0.2, 1.7, 8.2)
(-0.2, 1.7, 8.5)
(-0.2, 1.7, 8.7)
(-0.2, 1.7, 8.9)
(-0.2, 1.7, 9.1)
2, 1
(-0.1, 1.7, -2.7)
(-0.1, 1.7, -2.5)
(-0.2, 1.7, -2.5)
(-0.3, 1.7, -2.6)
(-0.4, 1.7, -2.8)
(-0.4, 1.7, -2.9)
(-0.4, 1.7, -3.0)
(-0.4, 1.7, -3.2)
(-0.4, 1.7, -3.4)
(-0.4, 1.7, -3.6)
(-0.5, 1.7, -3.8)
(-0.4, 1.7, -4.0)
(-0.4, 1.7, -4.2)
(-0.3, 1.7, -4.2)
(-0.3, 1.7, -4.3)
(-0.3, 1.7, -4.3)
(-0.4, 1.7, -4.4)
(-0.4, 1.7, -4.4)
(-0.2, 1.7, -4.6)
(0.0, 1.7, -4.7)
(0.1, 1.7, -4.9)
(0.1, 1.7, -5.2)
(0.2, 1.7, -5.4)
(0.4, 1.7, -5.7)
(0.3, 1.7, -5.9)
(0.2, 1.7, -6.1)
(0.2, 1.7, -6.3)
(0.3, 1.7, -6.7)
(0.3, 1.7, -6.9)
(0.2, 1.7, -7.2)
(0.2, 1.7, -7.5)
(0.3, 1.7, -7.7)
(0.4, 1.7, -7.9)
(0.3, 1.7, -8.2)
(0.4, 1.7, -8.4)
(0.5, 1.7, -8.7)
(0.5, 1.7, -8.9)
2, 2
(0.4, 1.7, 2.7)
(0.4, 1.7, 2.6)
(0.5, 1.7, 2.4)
(0.5, 1.7, 2.4)
(0.6, 1.7, 2.5)
(0.7, 1.7, 2.6)
(0.8, 1.7, 2.7)
(0.7, 1.7, 2.8)
(0.5, 1.7, 2.9)
(0.6, 1.7, 3.1)
(0.7, 1.7, 3.4)
(0.7, 1.7, 3.5)
(0.5, 1.7, 3.7)
(0.5, 1.7, 3.9)
(0.5, 1.7, 4.2)
(0.5, 1.7, 4.4)
(0.4, 1.7, 4.6)
(0.3, 1.7, 4.8)
(0.3, 1.7, 5.2)
(0.3, 1.7, 5.5)
(0.2, 1.7, 5.9)
(0.2, 1.7, 6.1)
(0.3, 1.7, 6.5)
(0.2, 1.7, 6.8)
(0.2, 1.7, 7.1)
(0.3, 1.7, 7.3)
(0.4, 1.7, 7.6)
(0.5, 1.7, 8.0)
(0.5, 1.7, 8.2)
(0.6, 1.7, 8.5)
(0.5, 1.7, 8.7)
(0.3, 1.7, 8.9)
(0.2, 1.7, 9.0)
2, 3
(0.1, 1.7, -2.8)
(0.1, 1.7, -2.6)
(0.2, 1.7, -2.7)
(0.2, 1.7, -2.8)
(0.2, 1.7, -2.8)
(0.0, 1.7, -2.7)
(-0.2, 1.7, -2.8)
(-0.4, 1.7, -3.0)
(-0.5, 1.7, -3.1)
(-0.7, 1.7, -3.4)
(-0.8, 1.7, -3.6)
(-0.7, 1.7, -3.9)
(-0.8, 1.7, -4.1)
(-0.8, 1.7, -4.4)
(-0.8, 1.7, -4.6)
(-0.7, 1.7, -4.8)
(-0.7, 1.7, -4.9)
(-0.7, 1.7, -5.0)
(-0.8, 1.7, -5.1)
(-0.9, 1.7, -5.3)
(-0.9, 1.7, -5.5)
(-0.9, 1.6, -5.6)
(-0.9, 1.6, -5.6)
(-0.7, 1.7, -5.7)
(-0.7, 1.7, -5.9)
(-0.8, 1.7, -6.2)
(-0.7, 1.7, -6.4)
(-0.5, 1.7, -6.7)
(-0.5, 1.7, -6.9)
(-0.5, 1.7, -7.2)
(-0.4, 1.7, -7.5)
(-0.3, 1.7, -7.8)
(-0.2, 1.7, -8.1)
(-0.2, 1.7, -8.4)
(-0.2, 1.7, -8.7)
(-0.1, 1.7, -9.0)
2, 4
(-0.1, 1.7, 2.7)
(-0.1, 1.7, 2.4)
(0.0, 1.7, 2.3)
(0.0, 1.7, 2.3)
(0.1, 1.7, 2.5)
(0.1, 1.7, 2.6)
(0.0, 1.7, 2.8)
(-0.1, 1.7, 3.0)
(0.0, 1.7, 3.2)
(0.0, 1.7, 3.5)
(0.1, 1.7, 3.7)
(0.0, 1.7, 4.0)
(0.0, 1.7, 4.3)
(0.0, 1.7, 4.5)
(0.0, 1.7, 4.8)
(0.0, 1.7, 5.1)
(0.1, 1.7, 5.4)
(0.1, 1.7, 5.7)
(0.1, 1.7, 6.1)
(0.0, 1.7, 6.3)
(0.1, 1.7, 6.7)
(0.1, 1.7, 6.9)
(0.2, 1.7, 7.3)
(0.2, 1.7, 7.5)
(0.3, 1.7, 7.8)
(0.3, 1.7, 8.1)
(0.2, 1.7, 8.3)
(0.1, 1.7, 8.5)
(0.1, 1.7, 8.8)
(0.0, 1.7, 9.0)
2, 5
(-0.1, 1.7, -2.7)
(-0.2, 1.7, -2.5)
(-0.1, 1.7, -2.6)
(-0.1, 1.7, -2.9)
(-0.1, 1.7, -3.0)
(0.0, 1.7, -3.2)
(0.1, 1.7, -3.4)
(0.1, 1.7, -3.6)
(0.1, 1.7, -3.9)
(0.2, 1.7, -4.2)
(0.3, 1.7, -4.4)
(0.2, 1.7, -4.7)
(0.2, 1.7, -5.0)
(0.2, 1.7, -5.3)
(0.2, 1.7, -5.6)
(0.1, 1.7, -5.9)
(0.1, 1.7, -6.2)
(0.2, 1.7, -6.5)
(0.2, 1.7, -6.8)
(0.1, 1.7, -7.1)
(0.1, 1.7, -7.4)
(0.2, 1.7, -7.7)
(0.2, 1.7, -7.9)
(0.2, 1.7, -8.2)
(0.3, 1.7, -8.5)
(0.4, 1.7, -8.7)
(0.5, 1.7, -8.9)
2, 6
(0.5, 1.7, 2.8)
(0.6, 1.7, 2.2)
(0.7, 1.7, 2.1)
(0.6, 1.7, 2.2)
(0.6, 1.7, 2.5)
(0.6, 1.7, 2.6)
(0.5, 1.7, 2.7)
(0.4, 1.7, 2.7)
(0.3, 1.7, 2.8)
(0.4, 1.7, 3.0)
(0.5, 1.7, 3.2)
(0.4, 1.7, 3.4)
(0.3, 1.7, 3.6)
(0.2, 1.7, 3.8)
(0.3, 1.7, 4.1)
(0.1, 1.7, 4.3)
(-0.1, 1.7, 4.5)
(-0.2, 1.7, 4.7)
(-0.2, 1.7, 5.0)
(-0.4, 1.7, 5.3)
(-0.5, 1.7, 5.5)
(-0.4, 1.7, 5.8)
(-0.4, 1.7, 6.1)
(-0.4, 1.7, 6.4)
(-0.5, 1.7, 6.7)
(-0.5, 1.7, 7.0)
(-0.6, 1.7, 7.4)
(-0.6, 1.7, 7.7)
(-0.5, 1.7, 8.0)
(-0.5, 1.7, 8.3)
(-0.5, 1.7, 8.5)
(-0.6, 1.7, 8.8)
(-0.6, 1.7, 9.1)
3, 1
(-0.7, 1.7, -2.6)
(-0.7, 1.7, -2.4)
(-0.7, 1.7, -2.5)
(-0.6, 1.7, -2.7)
(-0.6, 1.7, -2.9)
(-0.6, 1.7, -3.0)
(-0.4, 1.7, -3.1)
(-0.4, 1.7, -3.2)
(-0.6, 1.7, -3.3)
(-0.8, 1.7, -3.5)
(-0.7, 1.7, -3.8)
(-0.7, 1.7, -4.0)
(-0.6, 1.7, -4.2)
(-0.7, 1.7, -4.5)
(-0.7, 1.7, -4.8)
(-0.7, 1.7, -5.1)
(-0.7, 1.7, -5.3)
(-0.7, 1.7, -5.6)
(-0.7, 1.7, -5.9)
(-0.6, 1.7, -6.2)
(-0.6, 1.7, -6.5)
(-0.6, 1.7, -6.7)
(-0.5, 1.7, -7.0)
(-0.4, 1.7, -7.2)
(-0.4, 1.7, -7.2)
(-0.4, 1.7, -7.3)
(-0.4, 1.7, -7.4)
(-0.4, 1.7, -7.7)
(-0.3, 1.7, -7.9)
(-0.1, 1.7, -8.2)
(0.0, 1.7, -8.5)
(0.0, 1.7, -8.7)
(0.1, 1.7, -9.0)
3, 2
(0.2, 1.7, 2.7)
(0.3, 1.7, 2.6)
(0.1, 1.7, 2.7)
(0.1, 1.7, 3.0)
(0.1, 1.7, 3.2)
(0.0, 1.7, 3.3)
(-0.1, 1.7, 3.5)
(-0.2, 1.7, 3.7)
(-0.2, 1.7, 4.0)
(-0.2, 1.7, 4.3)
(-0.3, 1.7, 4.7)
(-0.3, 1.7, 5.0)
(-0.3, 1.7, 5.4)
(-0.4, 1.7, 5.7)
(-0.4, 1.7, 6.1)
(-0.3, 1.7, 6.4)
(-0.3, 1.7, 6.8)
(-0.4, 1.7, 7.1)
(-0.4, 1.7, 7.4)
(-0.3, 1.7, 7.7)
(-0.4, 1.7, 8.1)
(-0.5, 1.7, 8.4)
(-0.4, 1.7, 8.7)
(-0.4, 1.7, 8.9)
3, 3
(-0.5, 1.7, -2.7)
(-0.5, 1.7, -2.5)
(-0.5, 1.7, -2.5)
(-0.4, 1.7, -2.6)
(-0.4, 1.7, -2.9)
(-0.5, 1.7, -3.0)
(-0.4, 1.7, -3.0)
(-0.3, 1.7, -3.1)
(-0.3, 1.7, -3.4)
(-0.4, 1.7, -3.6)
(-0.3, 1.7, -3.9)
(-0.2, 1.7, -4.1)
(-0.3, 1.7, -4.4)
(-0.4, 1.7, -4.7)
(-0.4, 1.7, -5.0)
(-0.4, 1.7, -5.3)
(-0.4, 1.7, -5.6)
(-0.4, 1.7, -5.9)
(-0.4, 1.7, -6.3)
(-0.4, 1.7, -6.7)
(-0.4, 1.7, -7.1)
(-0.2, 1.7, -7.4)
(-0.2, 1.7, -7.7)
(-0.2, 1.7, -8.1)
(-0.1, 1.7, -8.4)
(0.0, 1.7, -8.7)
(0.1, 1.7, -8.9)
(0.1, 1.7, -9.0)
3, 4
(0.2, 1.7, 2.6)
(0.3, 1.7, 2.4)
(0.2, 1.7, 2.3)
(0.2, 1.7, 2.4)
(0.2, 1.7, 2.6)
(0.1, 1.7, 2.8)
(0.0, 1.7, 3.0)
(-0.1, 1.7, 3.2)
(-0.1, 1.7, 3.5)
(-0.1, 1.7, 3.9)
(-0.2, 1.7, 4.2)
(-0.1, 1.7, 4.4)
(-0.1, 1.7, 4.6)
(-0.3, 1.7, 5.0)
(-0.4, 1.7, 5.3)
(-0.3, 1.7, 5.6)
(-0.3, 1.7, 6.0)
(-0.4, 1.7, 6.4)
(-0.4, 1.7, 6.7)
(-0.4, 1.7, 7.1)
(-0.5, 1.7, 7.4)
(-0.5, 1.7, 7.7)
(-0.5, 1.7, 8.0)
(-0.5, 1.7, 8.3)
(-0.5, 1.7, 8.6)
(-0.4, 1.7, 8.9)
(-0.4, 1.7, 9.1)
3, 5
(-0.4, 1.7, -2.6)
(-0.4, 1.7, -2.4)
(-0.4, 1.7, -2.5)
(-0.4, 1.7, -2.7)
(-0.4, 1.7, -2.9)
(-0.3, 1.7, -3.1)
(-0.2, 1.7, -3.3)
(-0.2, 1.7, -3.6)
(-0.3, 1.7, -3.9)
(-0.2, 1.7, -4.2)
(-0.2, 1.7, -4.5)
(-0.3, 1.7, -4.8)
(-0.3, 1.7, -5.0)
(-0.1, 1.7, -5.1)
(0.0, 1.7, -5.1)
(0.0, 1.7, -5.1)
(-0.2, 1.7, -5.1)
(-0.3, 1.7, -5.1)
(-0.4, 1.7, -5.1)
(-0.3, 1.7, -5.4)
(-0.2, 1.7, -5.7)
(-0.3, 1.7, -6.1)
(-0.3, 1.7, -6.4)
(-0.2, 1.7, -6.8)
(-0.2, 1.7, -7.1)
(-0.2, 1.7, -7.5)
(-0.1, 1.7, -7.9)
(0.0, 1.7, -8.3)
(0.0, 1.7, -8.6)
(0.1, 1.7, -8.9)
3, 6
(0.2, 1.7, 2.7)
(0.2, 1.7, 2.4)
(0.1, 1.7, 2.2)
(0.1, 1.7, 2.2)
(0.1, 1.7, 2.4)
(0.1, 1.7, 2.6)
(-0.1, 1.7, 2.8)
(-0.2, 1.7, 3.0)
(-0.1, 1.7, 3.3)
(-0.1, 1.7, 3.7)
(-0.1, 1.7, 4.0)
(0.0, 1.7, 4.4)
(0.0, 1.7, 4.7)
(0.0, 1.7, 5.2)
(0.0, 1.7, 5.6)
(0.1, 1.7, 6.0)
(0.0, 1.7, 6.4)
(-0.1, 1.7, 6.8)
(-0.1, 1.7, 7.2)
(-0.2, 1.7, 7.5)
(-0.3, 1.7, 7.9)
(-0.3, 1.7, 8.3)
(-0.3, 1.7, 8.6)
(-0.4, 1.7, 8.9)
4, 1
(-0.4, 1.7, -2.7)
(-0.3, 1.7, -2.5)
(-0.4, 1.7, -2.4)
(-0.4, 1.7, -2.6)
(-0.4, 1.7, -2.8)
(-0.3, 1.7, -3.1)
(-0.2, 1.7, -3.4)
(-0.2, 1.7, -3.8)
(-0.2, 1.7, -4.2)
(0.0, 1.7, -4.5)
(-0.1, 1.7, -4.9)
(-0.1, 1.7, -5.2)
(-0.1, 1.7, -5.6)
(-0.2, 1.7, -6.0)
(-0.2, 1.7, -6.4)
(-0.1, 1.7, -6.8)
(-0.1, 1.7, -7.2)
(-0.2, 1.7, -7.6)
(-0.1, 1.7, -8.0)
(-0.1, 1.7, -8.3)
(0.0, 1.7, -8.7)
(0.0, 1.7, -9.0)
4, 2
(0.1, 1.7, 2.6)
(0.0, 1.7, 2.5)
(0.0, 1.7, 2.8)
(0.0, 1.7, 3.1)
(-0.1, 1.7, 3.4)
(-0.2, 1.7, 3.8)
(-0.1, 1.7, 4.2)
(-0.2, 1.7, 4.6)
(-0.3, 1.7, 5.0)
(-0.2, 1.7, 5.4)
(-0.2, 1.7, 5.8)
(-0.2, 1.7, 6.2)
(-0.1, 1.7, 6.7)
(-0.2, 1.7, 7.1)
(-0.3, 1.7, 7.4)
(-0.4, 1.7, 7.8)
(-0.4, 1.7, 8.2)
(-0.4, 1.7, 8.6)
(-0.3, 1.7, 8.9)
4, 3
(-0.3, 1.7, -2.8)
(-0.3, 1.7, -2.5)
(-0.3, 1.7, -2.6)
(-0.3, 1.7, -2.8)
(-0.3, 1.7, -3.1)
(-0.2, 1.7, -3.4)
(-0.1, 1.7, -3.7)
(-0.1, 1.7, -4.1)
(0.0, 1.7, -4.5)
(0.0, 1.7, -4.9)
(-0.1, 1.7, -5.3)
(-0.1, 1.7, -5.7)
(-0.1, 1.7, -6.1)
(-0.2, 1.7, -6.5)
(-0.1, 1.7, -6.9)
(-0.1, 1.7, -7.3)
(-0.2, 1.7, -7.7)
(-0.2, 1.7, -8.0)
(-0.1, 1.7, -8.4)
(-0.1, 1.7, -8.7)
(0.0, 1.7, -9.0)
4, 4
(0.2, 1.7, 2.6)
(0.2, 1.7, 2.5)
(0.1, 1.7, 2.7)
(0.0, 1.7, 3.0)
(-0.2, 1.7, 3.1)
(-0.3, 1.7, 3.3)
(-0.2, 1.7, 3.6)
(-0.2, 1.7, 4.0)
(-0.2, 1.7, 4.4)
(-0.1, 1.7, 4.7)
(-0.1, 1.7, 5.1)
(-0.1, 1.7, 5.6)
(0.0, 1.7, 5.9)
(0.0, 1.7, 6.3)
(-0.2, 1.7, 6.7)
(-0.3, 1.7, 7.0)
(-0.2, 1.7, 7.4)
(-0.3, 1.7, 7.8)
(-0.3, 1.7, 8.2)
(-0.2, 1.7, 8.6)
(-0.3, 1.7, 8.9)
4, 5
(-0.3, 1.7, -2.7)
(-0.3, 1.7, -2.6)
(-0.2, 1.7, -2.8)
(-0.2, 1.7, -3.1)
(-0.1, 1.7, -3.3)
(0.0, 1.7, -3.6)
(-0.1, 1.7, -3.9)
(-0.1, 1.7, -4.3)
(-0.1, 1.7, -4.7)
(-0.1, 1.7, -5.0)
(-0.2, 1.7, -5.4)
(-0.2, 1.7, -5.8)
(-0.2, 1.7, -6.2)
(-0.2, 1.7, -6.6)
(-0.1, 1.7, -6.9)
(0.0, 1.7, -7.2)
(0.0, 1.7, -7.6)
(0.1, 1.7, -8.0)
(0.2, 1.7, -8.3)
(0.2, 1.7, -8.7)
(0.2, 1.7, -9.1)
4, 6
(0.3, 1.7, 2.3)
(0.3, 1.7, 2.3)
(0.3, 1.7, 2.4)
(0.3, 1.7, 2.7)
(0.3, 1.7, 2.9)
(0.2, 1.7, 3.1)
(0.1, 1.7, 3.1)
(0.1, 1.7, 3.3)
(0.0, 1.7, 3.6)
(-0.1, 1.7, 3.9)
(-0.2, 1.7, 4.2)
(-0.2, 1.7, 4.6)
(-0.3, 1.7, 5.0)
(-0.4, 1.7, 5.4)
(-0.3, 1.7, 5.8)
(-0.4, 1.7, 6.2)
(-0.4, 1.7, 6.6)
(-0.5, 1.7, 7.0)
(-0.6, 1.7, 7.4)
(-0.7, 1.7, 7.7)
(-0.6, 1.7, 8.1)
(-0.6, 1.7, 8.5)
(-0.7, 1.7, 8.8)
(-0.5, 1.7, 9.0)
5, 1
(-0.5, 1.7, -2.6)
(-0.4, 1.7, -2.5)
(-0.5, 1.7, -2.7)
(-0.6, 1.7, -3.0)
(-0.4, 1.7, -3.3)
(-0.3, 1.7, -3.7)
(-0.3, 1.7, -4.1)
(-0.1, 1.7, -4.5)
(0.0, 1.7, -4.9)
(0.0, 1.7, -5.3)
(0.1, 1.7, -5.8)
(0.1, 1.7, -6.3)
(0.1, 1.7, -6.7)
(0.3, 1.7, -7.2)
(0.3, 1.7, -7.6)
(0.4, 1.7, -8.0)
(0.5, 1.7, -8.4)
(0.5, 1.7, -8.8)
5, 2
(0.4, 1.7, 2.8)
(0.4, 1.7, 2.5)
(0.3, 1.7, 2.4)
(0.3, 1.7, 2.6)
(0.3, 1.7, 2.9)
(0.1, 1.7, 3.1)
(0.0, 1.7, 3.4)
(-0.1, 1.7, 3.8)
(-0.2, 1.7, 4.1)
(-0.2, 1.7, 4.5)
(-0.2, 1.7, 4.9)
(-0.2, 1.7, 5.3)
(-0.3, 1.7, 5.7)
(-0.2, 1.7, 6.1)
(-0.3, 1.7, 6.5)
(-0.3, 1.7, 6.9)
(-0.3, 1.7, 7.3)
(-0.4, 1.7, 7.7)
(-0.5, 1.7, 8.0)
(-0.5, 1.7, 8.4)
(-0.5, 1.7, 8.7)
(-0.6, 1.7, 9.0)
5, 3
(-0.7, 1.7, -2.7)
(-0.6, 1.7, -2.7)
(-0.5, 1.7, -3.0)
(-0.5, 1.7, -3.4)
(-0.3, 1.7, -3.6)
(-0.2, 1.7, -3.9)
(-0.2, 1.7, -4.3)
(-0.1, 1.7, -4.7)
(0.0, 1.7, -5.0)
(0.1, 1.7, -5.4)
(0.2, 1.7, -5.9)
(0.3, 1.7, -6.2)
(0.2, 1.7, -6.6)
(0.3, 1.7, -6.9)
(0.3, 1.7, -7.3)
(0.3, 1.7, -7.7)
(0.4, 1.7, -8.1)
(0.4, 1.7, -8.4)
(0.4, 1.7, -8.8)
(0.3, 1.7, -9.1)
5, 4
(0.4, 1.7, 2.5)
(0.3, 1.7, 2.3)
(0.3, 1.7, 2.4)
(0.3, 1.7, 2.7)
(0.2, 1.7, 2.9)
(0.0, 1.7, 3.1)
(-0.1, 1.7, 3.5)
(-0.1, 1.7, 3.8)
(-0.2, 1.7, 4.2)
(-0.2, 1.7, 4.6)
(-0.1, 1.7, 5.0)
(-0.2, 1.7, 5.5)
(-0.3, 1.7, 5.9)
(-0.3, 1.7, 6.3)
(-0.4, 1.7, 6.7)
(-0.4, 1.7, 7.1)
(-0.4, 1.7, 7.5)
(-0.5, 1.7, 7.9)
(-0.5, 1.7, 8.3)
(-0.5, 1.7, 8.6)
(-0.6, 1.7, 9.0)
5, 5
(-0.6, 1.7, -2.7)
(-0.6, 1.7, -2.6)
(-0.5, 1.7, -2.9)
(-0.4, 1.7, -3.3)
(-0.3, 1.7, -3.5)
(-0.1, 1.7, -3.8)
(-0.1, 1.7, -4.3)
(0.0, 1.7, -4.7)
(0.1, 1.7, -5.1)
(0.1, 1.7, -5.5)
(0.2, 1.7, -5.9)
(0.3, 1.7, -6.3)
(0.2, 1.7, -6.8)
(0.3, 1.7, -7.2)
(0.3, 1.7, -7.6)
(0.2, 1.7, -8.0)
(0.3, 1.7, -8.3)
(0.3, 1.7, -8.7)
(0.3, 1.7, -9.0)
5, 6
(0.3, 1.7, 2.3)
(0.3, 1.7, 2.4)
(0.2, 1.7, 2.7)
(0.2, 1.7, 2.8)
(0.0, 1.7, 3.0)
(-0.1, 1.7, 3.1)
(-0.1, 1.7, 3.5)
(-0.2, 1.7, 3.8)
(-0.3, 1.7, 4.2)
(-0.3, 1.7, 4.6)
(-0.2, 1.7, 5.0)
(-0.3, 1.7, 5.5)
(-0.2, 1.7, 5.9)
(-0.3, 1.7, 6.3)
(-0.4, 1.7, 6.7)
(-0.4, 1.7, 7.1)
(-0.4, 1.7, 7.5)
(-0.5, 1.7, 7.9)
(-0.4, 1.7, 8.3)
(-0.5, 1.7, 8.7)
(-0.6, 1.7, 8.9)
6, 1
(-0.6, 1.7, -2.8)
(-0.5, 1.7, -2.6)
(-0.5, 1.7, -2.6)
(-0.5, 1.7, -2.8)
(-0.5, 1.7, -3.1)
(-0.5, 1.7, -3.5)
(-0.3, 1.7, -3.9)
(-0.3, 1.7, -4.3)
(-0.2, 1.7, -4.7)
(0.0, 1.7, -5.2)
(0.0, 1.7, -5.6)
(0.1, 1.7, -6.0)
(0.2, 1.7, -6.4)
(0.2, 1.7, -6.8)
(0.2, 1.7, -7.2)
(0.2, 1.7, -7.7)
(0.2, 1.7, -8.1)
(0.2, 1.7, -8.5)
(0.3, 1.7, -8.9)
6, 2
(0.3, 1.7, 2.8)
(0.3, 1.7, 2.5)
(0.3, 1.7, 2.4)
(0.4, 1.7, 2.3)
(0.4, 1.7, 2.4)
(0.3, 1.7, 2.6)
(0.2, 1.7, 2.9)
(0.0, 1.7, 3.2)
(0.0, 1.7, 3.6)
(0.0, 1.7, 4.0)
(0.0, 1.7, 4.4)
(-0.1, 1.7, 4.7)
(-0.1, 1.7, 5.1)
(-0.2, 1.7, 5.5)
(-0.3, 1.7, 5.9)
(-0.3, 1.7, 6.3)
(-0.4, 1.7, 6.7)
(-0.5, 1.7, 7.1)
(-0.4, 1.7, 7.4)
(-0.5, 1.7, 7.8)
(-0.6, 1.7, 8.1)
(-0.6, 1.7, 8.4)
(-0.6, 1.7, 8.7)
(-0.7, 1.7, 8.9)
(-0.7, 1.7, 9.1)
6, 3
(-0.7, 1.7, -2.6)
(-0.7, 1.7, -2.6)
(-0.8, 1.7, -2.7)
(-0.7, 1.7, -3.1)
(-0.7, 1.7, -3.4)
(-0.6, 1.7, -3.8)
(-0.4, 1.7, -4.1)
(-0.4, 1.7, -4.5)
(-0.3, 1.7, -4.9)
(-0.2, 1.7, -5.3)
(-0.1, 1.7, -5.7)
(0.0, 1.7, -6.0)
(0.1, 1.7, -6.4)
(0.1, 1.7, -6.8)
(0.2, 1.7, -7.1)
(0.3, 1.7, -7.5)
(0.3, 1.7, -7.9)
(0.3, 1.7, -8.3)
(0.4, 1.7, -8.6)
(0.4, 1.7, -9.0)
6, 4
(0.4, 1.7, 2.6)
(0.5, 1.7, 2.4)
(0.4, 1.7, 2.5)
(0.4, 1.7, 2.8)
(0.3, 1.7, 3.0)
(0.0, 1.7, 3.3)
(0.0, 1.7, 3.6)
(-0.1, 1.7, 4.1)
(-0.3, 1.7, 4.5)
(-0.3, 1.7, 4.9)
(-0.3, 1.7, 5.4)
(-0.4, 1.7, 5.9)
(-0.4, 1.7, 6.4)
(-0.4, 1.7, 6.8)
(-0.5, 1.7, 7.2)
(-0.5, 1.7, 7.6)
(-0.6, 1.7, 8.0)
(-0.7, 1.7, 8.4)
(-0.7, 1.7, 8.7)
(-0.7, 1.7, 9.0)
6, 5
(-0.8, 1.7, -2.7)
(-0.8, 1.7, -2.6)
(-0.7, 1.7, -2.8)
(-0.7, 1.7, -3.1)
(-0.5, 1.7, -3.5)
(-0.4, 1.7, -3.8)
(-0.4, 1.7, -4.2)
(-0.3, 1.7, -4.6)
(-0.2, 1.7, -5.0)
(-0.2, 1.7, -5.4)
(0.0, 1.7, -5.9)
(0.0, 1.7, -6.3)
(0.0, 1.7, -6.7)
(0.2, 1.7, -7.1)
(0.2, 1.7, -7.6)
(0.2, 1.7, -8.0)
(0.4, 1.7, -8.4)
(0.4, 1.7, -8.8)
6, 6
(0.4, 1.7, 2.8)
(0.4, 1.7, 2.4)
(0.5, 1.7, 2.3)
(0.4, 1.7, 2.3)
(0.4, 1.7, 2.5)
(0.3, 1.7, 2.8)
(0.2, 1.7, 3.1)
(0.1, 1.7, 3.3)
(0.1, 1.7, 3.7)
(0.0, 1.7, 4.1)
(-0.2, 1.7, 4.4)
(-0.2, 1.7, 4.8)
(-0.2, 1.7, 5.2)
(-0.3, 1.7, 5.7)
(-0.3, 1.7, 6.1)
(-0.3, 1.7, 6.5)
(-0.4, 1.7, 6.9)
(-0.4, 1.7, 7.4)
(-0.5, 1.7, 7.8)
(-0.6, 1.7, 8.1)
(-0.6, 1.7, 8.5)
(-0.6, 1.7, 8.8)
(-0.7, 1.7, 9.1)
7, 1
(-0.7, 1.7, -2.7)
(-0.6, 1.7, -2.6)
(-0.6, 1.7, -3.0)
(-0.5, 1.7, -3.4)
(-0.3, 1.7, -3.7)
(-0.3, 1.7, -4.1)
(-0.2, 1.7, -4.5)
(0.0, 1.7, -4.9)
(0.0, 1.7, -5.3)
(0.1, 1.7, -5.8)
(0.2, 1.7, -6.2)
(0.2, 1.7, -6.7)
(0.2, 1.7, -7.1)
(0.3, 1.7, -7.5)
(0.3, 1.7, -7.9)
(0.3, 1.7, -8.3)
(0.4, 1.7, -8.7)
(0.4, 1.7, -9.1)
7, 2
(0.4, 1.7, 2.5)
(0.5, 1.7, 2.3)
(0.5, 1.7, 2.2)
(0.5, 1.7, 2.2)
(0.5, 1.7, 2.4)
(0.4, 1.7, 2.5)
(0.4, 1.7, 2.6)
(0.4, 1.7, 2.6)
(0.3, 1.7, 2.6)
(0.2, 1.7, 2.8)
(0.0, 1.7, 2.9)
(-0.1, 1.7, 3.3)
(-0.2, 1.7, 3.7)
(-0.3, 1.7, 4.1)
(-0.3, 1.7, 4.6)
(-0.4, 1.7, 5.0)
(-0.5, 1.7, 5.5)
(-0.5, 1.7, 5.9)
(-0.5, 1.7, 6.4)
(-0.5, 1.7, 6.8)
(-0.5, 1.7, 7.3)
(-0.6, 1.7, 7.7)
(-0.6, 1.7, 8.1)
(-0.6, 1.7, 8.5)
(-0.7, 1.7, 8.9)
7, 3
(-0.7, 1.7, -2.7)
(-0.6, 1.7, -2.5)
(-0.6, 1.7, -2.5)
(-0.6, 1.7, -2.6)
(-0.6, 1.7, -2.8)
(-0.5, 1.7, -3.2)
(-0.3, 1.7, -3.5)
(-0.2, 1.7, -3.9)
(-0.1, 1.7, -4.3)
(0.1, 1.7, -4.7)
(0.1, 1.7, -5.1)
(0.1, 1.7, -5.6)
(0.2, 1.7, -6.0)
(0.2, 1.7, -6.5)
(0.2, 1.7, -6.9)
(0.3, 1.7, -7.3)
(0.3, 1.7, -7.7)
(0.4, 1.7, -8.2)
(0.5, 1.7, -8.5)
(0.4, 1.7, -8.9)
7, 4
(0.5, 1.7, 2.7)
(0.6, 1.7, 2.4)
(0.5, 1.7, 2.4)
(0.5, 1.7, 2.6)
(0.4, 1.7, 2.9)
(0.2, 1.7, 3.2)
(0.1, 1.7, 3.6)
(0.1, 1.7, 4.0)
(0.0, 1.7, 4.4)
(-0.1, 1.7, 4.8)
(-0.2, 1.7, 5.2)
(-0.4, 1.7, 5.6)
(-0.4, 1.7, 6.0)
(-0.4, 1.7, 6.4)
(-0.5, 1.7, 6.8)
(-0.5, 1.7, 7.2)
(-0.6, 1.7, 7.7)
(-0.7, 1.7, 8.0)
(-0.6, 1.7, 8.4)
(-0.7, 1.7, 8.8)
7, 5
(-0.7, 1.7, -2.8)
(-0.8, 1.7, -2.6)
(-0.7, 1.7, -2.6)
(-0.7, 1.7, -3.0)
(-0.6, 1.7, -3.3)
(-0.5, 1.7, -3.7)
(-0.4, 1.7, -4.1)
(-0.4, 1.7, -4.5)
(-0.2, 1.7, -4.9)
(-0.1, 1.7, -5.3)
(0.0, 1.7, -5.8)
(0.1, 1.7, -6.2)
(0.1, 1.7, -6.6)
(0.2, 1.7, -7.0)
(0.3, 1.7, -7.4)
(0.3, 1.7, -7.8)
(0.4, 1.7, -8.2)
(0.5, 1.7, -8.5)
(0.5, 1.7, -8.8)
(0.5, 1.7, -9.1)
7, 6
(0.6, 1.7, 2.6)
(0.6, 1.7, 2.5)
(0.6, 1.7, 2.5)
(0.6, 1.7, 2.4)
(0.5, 1.7, 2.3)
(0.5, 1.7, 2.1)
(0.4, 1.7, 2.1)
(0.4, 1.7, 2.5)
(0.4, 1.7, 2.7)
(0.2, 1.7, 3.0)
(0.2, 1.7, 3.3)
(0.1, 1.7, 3.7)
(0.0, 1.7, 4.0)
(0.0, 1.7, 4.4)
(-0.1, 1.7, 4.8)
(-0.1, 1.7, 5.2)
(-0.1, 1.7, 5.7)
(-0.1, 1.7, 6.1)
(-0.2, 1.7, 6.5)
(-0.2, 1.7, 6.9)
(-0.2, 1.7, 7.3)
(-0.3, 1.7, 7.7)
(-0.4, 1.7, 8.1)
(-0.4, 1.7, 8.5)
(-0.6, 1.7, 8.8)
8, 1
(-0.6, 1.7, -2.8)
(-0.6, 1.7, -2.6)
(-0.6, 1.7, -2.5)
(-0.6, 1.7, -2.6)
(-0.6, 1.7, -2.9)
(-0.5, 1.7, -3.1)
(-0.3, 1.7, -3.3)
(-0.3, 1.7, -3.7)
(-0.3, 1.7, -4.1)
(-0.1, 1.7, -4.5)
(-0.1, 1.7, -4.9)
(-0.1, 1.7, -5.3)
(-0.1, 1.7, -5.8)
(-0.1, 1.7, -6.2)
(-0.1, 1.7, -6.6)
(0.0, 1.7, -7.1)
(0.0, 1.7, -7.5)
(0.1, 1.7, -8.0)
(0.2, 1.7, -8.4)
(0.2, 1.7, -8.8)
8, 2
(0.3, 1.7, 2.7)
(0.3, 1.7, 2.4)
(0.2, 1.7, 2.2)
(0.3, 1.7, 2.1)
(0.3, 1.7, 2.2)
(0.2, 1.7, 2.4)
(0.2, 1.7, 2.6)
(0.1, 1.7, 2.9)
(0.0, 1.7, 3.2)
(0.0, 1.7, 3.7)
(-0.1, 1.7, 4.1)
(0.0, 1.7, 4.5)
(0.0, 1.7, 5.0)
(0.0, 1.7, 5.4)
(-0.1, 1.7, 5.8)
(-0.1, 1.7, 6.3)
(-0.2, 1.7, 6.7)
(-0.2, 1.7, 7.2)
(-0.2, 1.7, 7.6)
(-0.3, 1.7, 8.0)
(-0.3, 1.7, 8.3)
(-0.3, 1.7, 8.4)
(-0.3, 1.7, 8.4)
(-0.3, 1.7, 8.5)
(-0.3, 1.7, 8.6)
(-0.4, 1.7, 8.8)
(-0.4, 1.7, 9.1)
8, 3
(-0.5, 1.7, -2.6)
(-0.5, 1.7, -2.4)
(-0.5, 1.7, -2.5)
(-0.5, 1.7, -2.8)
(-0.4, 1.7, -3.1)
(-0.3, 1.7, -3.5)
(-0.4, 1.7, -4.0)
(-0.2, 1.7, -4.4)
(-0.1, 1.7, -4.8)
(-0.1, 1.7, -5.3)
(0.0, 1.7, -5.7)
(0.1, 1.7, -6.2)
(0.1, 1.7, -6.6)
(0.1, 1.7, -7.1)
(0.2, 1.7, -7.5)
(0.2, 1.7, -8.0)
(0.3, 1.7, -8.4)
(0.3, 1.7, -8.9)
8, 4
(0.3, 1.7, 2.7)
(0.3, 1.7, 2.4)
(0.3, 1.7, 2.5)
(0.3, 1.7, 2.8)
(0.2, 1.7, 3.1)
(0.1, 1.7, 3.4)
(0.0, 1.7, 3.8)
(0.0, 1.7, 4.2)
(-0.1, 1.7, 4.7)
(-0.1, 1.7, 5.2)
(-0.2, 1.7, 5.7)
(-0.3, 1.7, 6.1)
(-0.3, 1.7, 6.6)
(-0.5, 1.7, 7.1)
(-0.5, 1.7, 7.6)
(-0.5, 1.7, 8.0)
(-0.6, 1.7, 8.5)
(-0.6, 1.7, 8.9)
8, 5
(-0.7, 1.7, -2.7)
(-0.7, 1.7, -2.4)
(-0.7, 1.7, -2.5)
(-0.7, 1.7, -2.8)
(-0.6, 1.7, -3.1)
(-0.5, 1.7, -3.5)
(-0.4, 1.7, -3.9)
(-0.3, 1.7, -4.3)
(-0.2, 1.7, -4.8)
(-0.2, 1.7, -5.3)
(0.0, 1.7, -5.8)
(0.1, 1.7, -6.3)
(0.2, 1.7, -6.7)
(0.2, 1.7, -7.2)
(0.2, 1.7, -7.7)
(0.3, 1.7, -8.1)
(0.4, 1.7, -8.6)
(0.4, 1.7, -9.0)
8, 6
(0.6, 1.7, 2.4)
(0.6, 1.7, 2.3)
(0.5, 1.7, 2.3)
(0.4, 1.7, 2.4)
(0.3, 1.7, 2.4)
(0.3, 1.7, 2.4)
(0.3, 1.7, 2.3)
(0.3, 1.7, 2.4)
(0.3, 1.7, 2.4)
(0.2, 1.7, 2.6)
(0.0, 1.7, 2.7)
(0.0, 1.7, 3.0)
(-0.1, 1.7, 3.4)
(-0.2, 1.7, 3.9)
(-0.2, 1.7, 4.4)
(-0.2, 1.7, 4.8)
(-0.3, 1.7, 5.3)
(-0.3, 1.7, 5.8)
(-0.3, 1.7, 6.3)
(-0.4, 1.7, 6.8)
(-0.4, 1.7, 7.2)
(-0.5, 1.7, 7.7)
(-0.6, 1.7, 8.1)
(-0.6, 1.7, 8.5)
(-0.7, 1.7, 8.9)
9, 1
(-0.8, 1.7, -2.7)
(-0.7, 1.7, -2.5)
(-0.7, 1.7, -2.5)
(-0.6, 1.7, -2.7)
(-0.6, 1.7, -3.0)
(-0.4, 1.7, -3.3)
(-0.3, 1.6, -3.8)
(-0.2, 1.7, -4.2)
(0.0, 1.7, -4.7)
(0.0, 1.7, -5.2)
(0.1, 1.7, -5.7)
(0.1, 1.7, -6.1)
(0.1, 1.7, -6.6)
(0.2, 1.7, -7.0)
(0.2, 1.7, -7.3)
(0.2, 1.7, -7.7)
(0.2, 1.7, -8.1)
(0.4, 1.7, -8.5)
(0.4, 1.7, -9.0)
9, 2
(0.4, 1.7, 2.6)
(0.5, 1.7, 2.3)
(0.5, 1.7, 2.4)
(0.4, 1.7, 2.7)
(0.3, 1.7, 3.0)
(0.1, 1.7, 3.3)
(0.1, 1.7, 3.7)
(-0.1, 1.7, 4.1)
(-0.2, 1.7, 4.5)
(-0.3, 1.7, 4.9)
(-0.4, 1.7, 5.3)
(-0.6, 1.7, 5.7)
(-0.5, 1.7, 6.2)
(-0.5, 1.7, 6.6)
(-0.6, 1.7, 7.1)
(-0.6, 1.7, 7.6)
(-0.7, 1.7, 8.0)
(-0.8, 1.7, 8.5)
(-0.8, 1.7, 8.9)
9, 3
(-0.9, 1.7, -2.7)
(-0.8, 1.7, -2.6)
(-0.7, 1.7, -2.9)
(-0.6, 1.7, -3.2)
(-0.4, 1.7, -3.6)
(-0.3, 1.7, -4.0)
(-0.2, 1.7, -4.4)
(0.0, 1.7, -4.8)
(0.0, 1.7, -5.3)
(0.1, 1.7, -5.8)
(0.2, 1.7, -6.3)
(0.2, 1.7, -6.7)
(0.3, 1.7, -7.2)
(0.4, 1.7, -7.6)
(0.4, 1.7, -8.1)
(0.5, 1.7, -8.5)
(0.5, 1.7, -8.9)
9, 4
(0.4, 1.7, 2.7)
(0.5, 1.7, 2.4)
(0.5, 1.7, 2.4)
(0.5, 1.7, 2.7)
(0.4, 1.7, 2.9)
(0.3, 1.7, 3.3)
(0.2, 1.7, 3.7)
(0.0, 1.7, 4.1)
(-0.2, 1.7, 4.5)
(-0.3, 1.7, 4.9)
(-0.4, 1.7, 5.4)
(-0.5, 1.7, 5.8)
(-0.4, 1.7, 6.2)
(-0.5, 1.7, 6.7)
(-0.5, 1.7, 7.2)
(-0.5, 1.7, 7.6)
(-0.6, 1.7, 8.0)
(-0.6, 1.7, 8.5)
(-0.6, 1.7, 8.9)
9, 5
(-0.7, 1.7, -2.7)
(-0.7, 1.7, -2.5)
(-0.7, 1.7, -2.7)
(-0.6, 1.7, -3.1)
(-0.5, 1.7, -3.4)
(-0.4, 1.7, -3.8)
(-0.3, 1.7, -4.2)
(-0.1, 1.7, -4.6)
(0.0, 1.7, -5.0)
(0.1, 1.7, -5.4)
(0.3, 1.7, -5.8)
(0.3, 1.7, -6.3)
(0.3, 1.7, -6.7)
(0.4, 1.7, -7.1)
(0.4, 1.7, -7.5)
(0.4, 1.7, -7.9)
(0.4, 1.7, -8.4)
(0.4, 1.7, -8.8)
9, 6
(0.5, 1.7, 2.8)
(0.6, 1.7, 2.4)
(0.6, 1.7, 2.3)
(0.5, 1.7, 2.6)
(0.4, 1.7, 2.9)
(0.3, 1.7, 3.1)
(0.1, 1.7, 3.4)
(0.1, 1.7, 3.8)
(0.0, 1.7, 4.2)
(-0.1, 1.7, 4.6)
(-0.1, 1.7, 5.0)
(-0.2, 1.7, 5.5)
(-0.3, 1.7, 5.9)
(-0.4, 1.7, 6.3)
(-0.5, 1.7, 6.8)
(-0.5, 1.7, 7.2)
(-0.5, 1.7, 7.6)
(-0.6, 1.7, 8.0)
(-0.6, 1.7, 8.4)
(-0.7, 1.7, 8.8)
(-0.8, 1.7, 9.1)
10, 1
(-0.9, 1.7, -2.6)
(-0.9, 1.7, -2.6)
(-0.8, 1.7, -2.9)
(-0.7, 1.7, -3.1)
(-0.6, 1.7, -3.4)
(-0.4, 1.7, -3.7)
(-0.4, 1.7, -4.1)
(-0.3, 1.7, -4.5)
(-0.1, 1.7, -4.9)
(-0.1, 1.7, -5.3)
(0.1, 1.7, -5.7)
(0.2, 1.7, -6.1)
(0.2, 1.7, -6.5)
(0.2, 1.7, -6.9)
(0.2, 1.7, -7.2)
(0.2, 1.7, -7.6)
(0.3, 1.7, -8.0)
(0.4, 1.7, -8.3)
(0.4, 1.7, -8.6)
(0.4, 1.7, -8.9)
10, 2
(0.4, 1.7, 2.8)
(0.5, 1.7, 2.6)
(0.5, 1.7, 2.7)
(0.3, 1.7, 3.0)
(0.2, 1.7, 3.3)
(0.0, 1.7, 3.7)
(-0.1, 1.7, 4.1)
(-0.3, 1.7, 4.6)
(-0.3, 1.7, 5.1)
(-0.3, 1.7, 5.5)
(-0.4, 1.7, 6.0)
(-0.5, 1.7, 6.5)
(-0.5, 1.7, 6.9)
(-0.6, 1.7, 7.4)
(-0.6, 1.7, 7.8)
(-0.6, 1.7, 8.2)
(-0.7, 1.7, 8.6)
(-0.7, 1.7, 8.9)
10, 3
(-0.7, 1.7, -2.7)
(-0.7, 1.7, -2.5)
(-0.7, 1.7, -2.5)
(-0.7, 1.7, -2.7)
(-0.6, 1.7, -3.0)
(-0.4, 1.7, -3.3)
(-0.4, 1.7, -3.7)
(-0.3, 1.7, -4.1)
(-0.1, 1.7, -4.6)
(0.0, 1.7, -5.0)
(0.1, 1.7, -5.4)
(0.2, 1.7, -5.9)
(0.3, 1.7, -6.3)
(0.3, 1.7, -6.7)
(0.3, 1.7, -7.2)
(0.3, 1.7, -7.7)
(0.4, 1.7, -8.1)
(0.5, 1.7, -8.6)
(0.5, 1.7, -9.0)
10, 4
(0.5, 1.7, 2.6)
(0.5, 1.7, 2.4)
(0.5, 1.7, 2.7)
(0.3, 1.7, 3.0)
(0.1, 1.7, 3.4)
(0.1, 1.7, 3.8)
(-0.1, 1.7, 4.3)
(-0.2, 1.7, 4.7)
(-0.2, 1.7, 5.2)
(-0.3, 1.7, 5.7)
(-0.3, 1.7, 6.2)
(-0.3, 1.7, 6.6)
(-0.4, 1.7, 7.1)
(-0.4, 1.7, 7.5)
(-0.5, 1.7, 8.0)
(-0.5, 1.7, 8.4)
(-0.5, 1.7, 8.8)
10, 5
(-0.6, 1.7, -2.8)
(-0.7, 1.7, -2.5)
(-0.6, 1.7, -2.5)
(-0.6, 1.7, -2.8)
(-0.5, 1.7, -3.2)
(-0.4, 1.7, -3.6)
(-0.4, 1.7, -4.0)
(-0.2, 1.7, -4.5)
(-0.1, 1.7, -4.9)
(-0.1, 1.7, -5.4)
(0.1, 1.7, -5.8)
(0.2, 1.7, -6.3)
(0.3, 1.7, -6.8)
(0.5, 1.7, -7.2)
(0.5, 1.7, -7.7)
(0.5, 1.7, -8.1)
(0.5, 1.7, -8.6)
(0.5, 1.7, -9.0)
10, 6
(0.4, 1.7, 2.8)
(0.2, 1.7, 2.1)
(0.2, 1.7, 2.1)
(0.2, 1.7, 2.3)
(0.3, 1.7, 2.6)
(0.3, 1.7, 2.9)
(0.2, 1.7, 3.3)
(0.1, 1.7, 3.7)
(0.0, 1.7, 4.1)
(-0.1, 1.7, 4.6)
(-0.1, 1.7, 5.1)
(-0.2, 1.7, 5.6)
(-0.2, 1.7, 6.0)
(-0.3, 1.7, 6.5)
(-0.5, 1.7, 7.0)
(-0.5, 1.7, 7.5)
(-0.5, 1.7, 7.9)
(-0.6, 1.7, 8.4)
(-0.6, 1.7, 8.8)
11, 1
(-0.5, 1.7, -2.8)
(-0.6, 1.7, -2.6)
(-0.6, 1.7, -2.6)
(-0.6, 1.7, -3.0)
(-0.5, 1.7, -3.3)
(-0.3, 1.7, -3.6)
(-0.3, 1.7, -4.1)
(-0.1, 1.7, -4.5)
(0.0, 1.7, -4.9)
(0.0, 1.7, -5.4)
(0.1, 1.7, -5.9)
(0.2, 1.7, -6.4)
(0.3, 1.7, -6.8)
(0.4, 1.7, -7.3)
(0.4, 1.7, -7.7)
(0.4, 1.7, -8.2)
(0.5, 1.7, -8.6)
(0.5, 1.7, -9.0)
11, 2
(0.6, 1.7, 2.6)
(0.6, 1.7, 2.4)
(0.6, 1.7, 2.6)
(0.5, 1.7, 2.9)
(0.3, 1.7, 3.2)
(0.2, 1.7, 3.6)
(0.1, 1.7, 4.1)
(-0.1, 1.7, 4.5)
(-0.2, 1.7, 5.0)
(-0.3, 1.7, 5.4)
(-0.5, 1.7, 5.9)
(-0.5, 1.7, 6.3)
(-0.6, 1.7, 6.8)
(-0.7, 1.7, 7.2)
(-0.7, 1.7, 7.7)
(-0.8, 1.7, 8.1)
(-0.8, 1.7, 8.5)
(-0.8, 1.7, 8.9)
11, 3
(-0.8, 1.7, -2.7)
(-0.9, 1.7, -2.5)
(-0.8, 1.7, -2.7)
(-0.7, 1.7, -3.0)
(-0.6, 1.7, -3.3)
(-0.4, 1.7, -3.7)
(-0.3, 1.7, -4.1)
(-0.1, 1.7, -4.5)
(0.0, 1.7, -4.9)
(0.0, 1.7, -5.4)
(0.1, 1.7, -5.9)
(0.1, 1.7, -6.4)
(0.1, 1.7, -6.8)
(0.3, 1.7, -7.3)
(0.3, 1.7, -7.7)
(0.4, 1.7, -8.1)
(0.4, 1.7, -8.5)
(0.4, 1.7, -8.9)
11, 4
(0.5, 1.7, 2.7)
(0.6, 1.7, 2.4)
(0.6, 1.7, 2.4)
(0.5, 1.7, 2.5)
(0.5, 1.7, 2.8)
(0.3, 1.7, 3.0)
(0.1, 1.7, 3.2)
(-0.1, 1.7, 3.6)
(-0.2, 1.7, 4.0)
(-0.4, 1.7, 4.4)
(-0.4, 1.7, 4.8)
(-0.4, 1.7, 5.3)
(-0.5, 1.7, 5.8)
(-0.5, 1.7, 6.2)
(-0.5, 1.7, 6.7)
(-0.6, 1.7, 7.1)
(-0.6, 1.7, 7.6)
(-0.7, 1.7, 8.0)
(-0.8, 1.7, 8.4)
(-0.8, 1.7, 8.7)
(-0.8, 1.7, 9.1)
11, 5
(-0.8, 1.7, -2.6)
(-0.8, 1.7, -2.5)
(-0.8, 1.7, -2.7)
(-0.7, 1.7, -3.0)
(-0.6, 1.7, -3.3)
(-0.4, 1.7, -3.6)
(-0.4, 1.7, -4.0)
(-0.2, 1.7, -4.4)
(-0.1, 1.7, -4.8)
(-0.1, 1.7, -5.3)
(0.0, 1.7, -5.7)
(0.1, 1.7, -6.2)
(0.1, 1.7, -6.7)
(0.2, 1.7, -7.1)
(0.3, 1.7, -7.6)
(0.4, 1.7, -8.0)
(0.5, 1.7, -8.4)
(0.5, 1.7, -8.8)
11, 6
(0.5, 1.7, 2.8)
(0.3, 1.7, 3.1)
(0.3, 1.7, 3.1)
(0.3, 1.7, 3.2)
(0.2, 1.7, 3.3)
(0.2, 1.7, 3.4)
(0.2, 1.7, 3.7)
(0.0, 1.7, 4.1)
(-0.1, 1.7, 4.6)
(-0.1, 1.7, 5.0)
(-0.3, 1.7, 5.5)
(-0.3, 1.7, 5.9)
(-0.3, 1.7, 6.4)
(-0.4, 1.7, 6.8)
(-0.4, 1.7, 7.3)
(-0.5, 1.7, 7.7)
(-0.7, 1.7, 8.1)
(-0.8, 1.7, 8.5)
(-0.8, 1.7, 8.9)
12, 1
(-0.8, 1.6, -2.8)
(-0.9, 1.7, -2.7)
(-0.8, 1.6, -2.9)
(-0.8, 1.7, -3.2)
(-0.6, 1.7, -3.4)
(-0.4, 1.7, -3.8)
(-0.4, 1.7, -4.2)
(-0.2, 1.7, -4.6)
(-0.1, 1.7, -5.0)
(0.0, 1.7, -5.5)
(0.1, 1.7, -5.9)
(0.2, 1.7, -6.4)
(0.2, 1.7, -6.8)
(0.3, 1.7, -7.3)
(0.3, 1.7, -7.7)
(0.4, 1.7, -8.1)
(0.5, 1.7, -8.3)
(0.5, 1.7, -8.4)
(0.5, 1.7, -8.4)
(0.5, 1.7, -8.4)
(0.5, 1.7, -8.4)
(0.5, 1.7, -8.4)
(0.5, 1.7, -8.4)
(0.5, 1.7, -8.4)
(0.6, 1.7, -8.5)
(0.6, 1.7, -8.7)
(0.6, 1.7, -9.0)
12, 2
(0.6, 1.7, 2.6)
(0.7, 1.7, 2.3)
(0.5, 1.7, 2.3)
(0.4, 1.7, 2.6)
(0.3, 1.7, 2.9)
(0.1, 1.7, 3.1)
(0.0, 1.7, 3.5)
(0.0, 1.7, 3.9)
(-0.2, 1.7, 4.3)
(-0.2, 1.7, 4.7)
(-0.2, 1.7, 5.1)
(-0.3, 1.7, 5.6)
(-0.3, 1.7, 6.1)
(-0.4, 1.7, 6.5)
(-0.5, 1.7, 7.0)
(-0.5, 1.7, 7.5)
(-0.6, 1.7, 7.9)
(-0.6, 1.7, 8.4)
(-0.7, 1.7, 8.8)
12, 3
(-0.8, 1.7, -2.7)
(-0.9, 1.7, -2.5)
(-0.8, 1.7, -2.7)
(-0.6, 1.7, -3.1)
(-0.4, 1.7, -3.4)
(-0.3, 1.7, -3.8)
(-0.3, 1.7, -4.3)
(-0.1, 1.7, -4.8)
(-0.1, 1.7, -5.2)
(0.0, 1.7, -5.8)
(0.0, 1.7, -6.2)
(0.0, 1.7, -6.7)
(0.2, 1.7, -7.2)
(0.3, 1.7, -7.6)
(0.4, 1.7, -8.0)
(0.5, 1.7, -8.5)
(0.4, 1.7, -8.8)
(0.3, 1.7, -9.1)
12, 4
(0.3, 1.7, 2.5)
(0.3, 1.7, 2.3)
(0.2, 1.7, 2.5)
(0.2, 1.7, 2.8)
(0.1, 1.7, 3.0)
(0.1, 1.7, 3.3)
(0.1, 1.7, 3.7)
(-0.1, 1.7, 4.1)
(-0.3, 1.7, 4.4)
(-0.4, 1.7, 4.8)
(-0.6, 1.7, 5.3)
(-0.6, 1.7, 5.7)
(-0.6, 1.7, 6.2)
(-0.6, 1.7, 6.7)
(-0.5, 1.7, 7.1)
(-0.5, 1.7, 7.6)
(-0.6, 1.7, 8.0)
(-0.6, 1.7, 8.4)
(-0.7, 1.7, 8.9)
12, 5
(-0.8, 1.7, -2.8)
(-0.8, 1.7, -2.7)
(-0.7, 1.7, -2.9)
(-0.7, 1.7, -3.4)
(-0.6, 1.7, -3.8)
(-0.5, 1.7, -4.2)
(-0.4, 1.7, -4.6)
(0.0, 1.7, -4.9)
(0.2, 1.7, -5.3)
(0.3, 1.7, -5.8)
(0.5, 1.7, -6.2)
(0.4, 1.7, -6.6)
(0.3, 1.7, -7.0)
(0.5, 1.7, -7.4)
(0.6, 1.7, -7.8)
(0.6, 1.7, -8.2)
(0.7, 1.7, -8.7)
(0.7, 1.7, -9.1)
12, 6
(0.6, 1.7, 2.5)
(0.6, 1.7, 2.2)
(0.6, 1.7, 2.2)
(0.6, 1.7, 2.4)
(0.6, 1.7, 2.7)
(0.4, 1.7, 3.1)
(0.3, 1.7, 3.5)
(0.2, 1.7, 3.9)
(0.0, 1.7, 4.3)
(0.0, 1.7, 4.7)
(0.0, 1.7, 5.2)
(-0.2, 1.7, 5.7)
(-0.2, 1.7, 6.2)
(-0.3, 1.7, 6.7)
(-0.4, 1.7, 7.1)
(-0.4, 1.7, 7.6)
(-0.5, 1.7, 8.1)
(-0.6, 1.7, 8.5)
(-0.6, 1.7, 8.9)
13, 1
(-0.7, 1.7, -2.7)
(-0.7, 1.7, -2.5)
(-0.7, 1.7, -2.6)
(-0.6, 1.7, -2.9)
(-0.5, 1.7, -3.1)
(-0.3, 1.7, -3.4)
(-0.2, 1.7, -3.9)
(-0.2, 1.7, -4.3)
(0.0, 1.7, -4.7)
(0.0, 1.7, -5.2)
(0.1, 1.7, -5.6)
(0.2, 1.7, -6.1)
(0.2, 1.7, -6.6)
(0.3, 1.7, -7.0)
(0.4, 1.7, -7.4)
(0.4, 1.7, -7.8)
(0.4, 1.7, -8.2)
(0.4, 1.7, -8.6)
(0.3, 1.7, -8.9)
13, 2
(0.4, 1.7, 2.7)
(0.4, 1.7, 2.4)
(0.4, 1.7, 2.6)
(0.3, 1.7, 2.9)
(0.0, 1.7, 3.2)
(-0.1, 1.7, 3.5)
(-0.2, 1.7, 3.9)
(-0.3, 1.7, 4.4)
(-0.3, 1.7, 4.8)
(-0.3, 1.7, 5.3)
(-0.4, 1.7, 5.7)
(-0.4, 1.7, 6.2)
(-0.4, 1.7, 6.7)
(-0.5, 1.7, 7.2)
(-0.5, 1.7, 7.6)
(-0.6, 1.7, 8.0)
(-0.7, 1.7, 8.4)
(-0.6, 1.7, 8.8)
13, 3
(-0.7, 1.7, -2.8)
(-0.7, 1.7, -2.5)
(-0.7, 1.7, -2.6)
(-0.7, 1.7, -2.9)
(-0.6, 1.7, -3.2)
(-0.4, 1.7, -3.6)
(-0.3, 1.7, -4.0)
(-0.2, 1.7, -4.4)
(0.0, 1.7, -4.8)
(0.0, 1.7, -5.2)
(0.0, 1.7, -5.6)
(-0.1, 1.7, -6.1)
(-0.1, 1.7, -6.5)
(0.0, 1.7, -7.0)
(0.1, 1.7, -7.4)
(0.2, 1.7, -7.8)
(0.3, 1.7, -8.2)
(0.4, 1.7, -8.6)
(0.4, 1.7, -9.0)
13, 4
(0.5, 1.7, 2.5)
(0.5, 1.7, 2.4)
(0.4, 1.7, 2.7)
(0.3, 1.7, 2.9)
(0.0, 1.7, 3.1)
(-0.2, 1.7, 3.3)
(-0.4, 1.7, 3.6)
(-0.5, 1.7, 3.9)
(-0.6, 1.7, 4.3)
(-0.5, 1.7, 4.7)
(-0.6, 1.7, 5.2)
(-0.6, 1.7, 5.6)
(-0.6, 1.7, 6.1)
(-0.7, 1.7, 6.5)
(-0.7, 1.7, 6.9)
(-0.8, 1.7, 7.3)
(-0.9, 1.7, 7.8)
(-0.8, 1.7, 8.2)
(-0.8, 1.7, 8.6)
(-0.8, 1.7, 9.0)
13, 5
(-0.8, 1.7, -2.7)
(-0.6, 1.7, -2.5)
(-0.6, 1.7, -2.4)
(-0.6, 1.7, -2.5)
(-0.6, 1.7, -2.8)
(-0.4, 1.7, -3.0)
(-0.2, 1.7, -3.3)
(-0.1, 1.7, -3.7)
(0.0, 1.7, -4.1)
(0.1, 1.7, -4.5)
(0.2, 1.7, -4.9)
(0.3, 1.7, -5.3)
(0.3, 1.7, -5.7)
(0.3, 1.7, -6.1)
(0.3, 1.7, -6.5)
(0.4, 1.7, -6.9)
(0.4, 1.7, -7.3)
(0.5, 1.7, -7.8)
(0.6, 1.7, -8.2)
(0.5, 1.7, -8.6)
(0.5, 1.7, -8.9)
13, 6
(0.5, 1.7, 2.8)
(0.5, 1.7, 2.9)
(0.5, 1.7, 3.0)
(0.4, 1.7, 3.2)
(0.1, 1.7, 3.4)
(0.0, 1.7, 3.7)
(0.0, 1.7, 4.1)
(-0.1, 1.7, 4.6)
(-0.2, 1.7, 5.0)
(-0.2, 1.7, 5.5)
(-0.5, 1.7, 6.0)
(-0.5, 1.7, 6.4)
(-0.5, 1.7, 6.9)
(-0.5, 1.7, 7.4)
(-0.5, 1.7, 7.9)
(-0.6, 1.7, 8.3)
(-0.7, 1.7, 8.7)
(-0.7, 1.7, 9.0)
14, 1
(-0.7, 1.7, -2.6)
(-0.8, 1.7, -2.5)
(-0.8, 1.7, -2.6)
(-0.7, 1.7, -2.9)
(-0.6, 1.6, -3.2)
(-0.5, 1.7, -3.6)
(-0.4, 1.7, -4.0)
(-0.2, 1.7, -4.5)
(0.0, 1.7, -5.0)
(0.1, 1.7, -5.5)
(0.2, 1.7, -6.0)
(0.2, 1.7, -6.5)
(0.3, 1.7, -7.0)
(0.4, 1.7, -7.4)
(0.4, 1.7, -7.9)
(0.5, 1.7, -8.3)
(0.6, 1.7, -8.7)
(0.5, 1.7, -9.1)
14, 2
(0.5, 1.7, 2.6)
(0.5, 1.7, 2.5)
(0.5, 1.7, 2.7)
(0.5, 1.7, 3.0)
(0.3, 1.7, 3.2)
(0.1, 1.7, 3.4)
(0.1, 1.7, 3.7)
(0.1, 1.7, 3.9)
(0.0, 1.7, 3.9)
(0.1, 1.7, 3.9)
(0.1, 1.7, 3.9)
(0.1, 1.7, 3.9)
(0.1, 1.7, 3.9)
(0.1, 1.7, 3.9)
(0.1, 1.7, 3.9)
(0.2, 1.7, 4.0)
(0.2, 1.7, 4.3)
(0.2, 1.7, 4.7)
(0.3, 1.7, 5.1)
(0.2, 1.7, 5.5)
(0.2, 1.7, 5.9)
(0.1, 1.7, 6.4)
(0.0, 1.7, 6.8)
(0.0, 1.7, 7.3)
(-0.1, 1.7, 7.7)
(-0.2, 1.7, 8.2)
(-0.2, 1.7, 8.6)
(-0.2, 1.7, 9.0)
14, 3
(-0.4, 1.7, -2.6)
(-0.4, 1.7, -2.5)
(-0.3, 1.7, -2.7)
(-0.3, 1.7, -3.0)
(-0.2, 1.7, -3.4)
(0.0, 1.7, -3.8)
(0.0, 1.7, -4.2)
(0.1, 1.7, -4.7)
(0.1, 1.7, -5.2)
(0.2, 1.7, -5.6)
(0.3, 1.7, -6.1)
(0.3, 1.7, -6.6)
(0.3, 1.7, -7.0)
(0.3, 1.7, -7.5)
(0.3, 1.7, -7.9)
(0.3, 1.7, -8.3)
(0.4, 1.7, -8.7)
(0.4, 1.7, -9.0)
14, 4
(0.4, 1.7, 2.6)
(0.4, 1.7, 2.4)
(0.4, 1.7, 2.5)
(0.3, 1.7, 2.8)
(0.2, 1.7, 3.2)
(0.0, 1.7, 3.6)
(-0.1, 1.7, 4.1)
(-0.2, 1.7, 4.6)
(-0.3, 1.7, 5.1)
(-0.3, 1.7, 5.6)
(-0.4, 1.7, 6.1)
(-0.4, 1.7, 6.6)
(-0.5, 1.7, 7.1)
(-0.6, 1.7, 7.5)
(-0.6, 1.7, 7.9)
(-0.6, 1.7, 8.3)
(-0.7, 1.7, 8.7)
(-0.7, 1.7, 9.0)
14, 5
(-0.7, 1.7, -2.7)
(-0.7, 1.7, -2.5)
(-0.6, 1.7, -2.6)
(-0.6, 1.7, -2.9)
(-0.4, 1.7, -3.2)
(-0.2, 1.7, -3.5)
(-0.2, 1.7, -4.0)
(0.0, 1.7, -4.4)
(0.1, 1.7, -4.8)
(0.1, 1.7, -5.3)
(0.1, 1.7, -5.8)
(0.1, 1.7, -6.2)
(0.2, 1.7, -6.7)
(0.2, 1.7, -7.1)
(0.3, 1.7, -7.6)
(0.3, 1.7, -8.0)
(0.4, 1.7, -8.4)
(0.4, 1.7, -8.8)
14, 6
(0.4, 1.7, 2.8)
(0.6, 1.7, 2.6)
(0.5, 1.7, 2.6)
(0.5, 1.7, 2.5)
(0.4, 1.7, 2.7)
(0.4, 1.7, 3.1)
(0.1, 1.7, 3.4)
(0.0, 1.7, 3.8)
(0.0, 1.7, 4.3)
(-0.2, 1.7, 4.7)
(-0.2, 1.7, 5.2)
(-0.3, 1.7, 5.6)
(-0.4, 1.7, 6.1)
(-0.4, 1.7, 6.5)
(-0.4, 1.7, 7.0)
(-0.5, 1.7, 7.4)
(-0.5, 1.7, 7.9)
(-0.6, 1.7, 8.4)
(-0.6, 1.7, 8.7)
(-0.6, 1.7, 9.1)
15, 1
(-0.7, 1.7, -2.6)
(-0.7, 1.7, -2.4)
(-0.7, 1.7, -2.6)
(-0.7, 1.7, -2.9)
(-0.5, 1.7, -3.1)
(-0.4, 1.7, -3.4)
(-0.3, 1.7, -3.8)
(-0.1, 1.7, -4.2)
(0.0, 1.7, -4.7)
(0.0, 1.7, -5.1)
(0.2, 1.7, -5.5)
(0.2, 1.7, -6.0)
(0.3, 1.7, -6.5)
(0.4, 1.7, -6.9)
(0.4, 1.7, -7.4)
(0.4, 1.7, -7.8)
(0.4, 1.7, -8.3)
(0.4, 1.7, -8.7)
(0.4, 1.7, -9.1)
15, 2
(0.4, 1.7, 2.5)
(0.4, 1.7, 2.4)
(0.4, 1.7, 2.4)
(0.3, 1.7, 2.5)
(0.2, 1.7, 2.8)
(0.1, 1.7, 3.1)
(-0.1, 1.7, 3.4)
(-0.1, 1.7, 3.9)
(-0.3, 1.7, 4.3)
(-0.4, 1.7, 4.7)
(-0.4, 1.7, 5.2)
(-0.6, 1.7, 5.7)
(-0.6, 1.7, 6.1)
(-0.6, 1.7, 6.6)
(-0.7, 1.7, 7.1)
(-0.6, 1.7, 7.5)
(-0.7, 1.7, 8.0)
(-0.8, 1.7, 8.4)
(-0.8, 1.7, 8.9)
15, 3
(-0.8, 1.7, -2.8)
(-0.8, 1.7, -2.5)
(-0.8, 1.7, -2.6)
(-0.7, 1.6, -2.9)
(-0.6, 1.6, -3.2)
(-0.4, 1.7, -3.5)
(-0.3, 1.7, -3.9)
(-0.1, 1.7, -4.3)
(0.1, 1.7, -4.7)
(0.1, 1.7, -5.1)
(0.2, 1.7, -5.5)
(0.3, 1.7, -5.9)
(0.3, 1.7, -6.4)
(0.3, 1.7, -6.8)
(0.4, 1.7, -7.1)
(0.4, 1.7, -7.6)
(0.5, 1.7, -7.9)
(0.5, 1.7, -8.3)
(0.5, 1.7, -8.7)
(0.4, 1.7, -9.0)
15, 4
(0.5, 1.7, 2.7)
(0.5, 1.7, 2.7)
(0.5, 1.7, 2.8)
(0.4, 1.7, 3.0)
(0.3, 1.7, 3.3)
(0.1, 1.7, 3.5)
(-0.1, 1.7, 3.8)
(-0.2, 1.7, 4.2)
(-0.3, 1.7, 4.5)
(-0.3, 1.7, 4.9)
(-0.3, 1.7, 5.3)
(-0.4, 1.7, 5.8)
(-0.4, 1.7, 6.2)
(-0.4, 1.7, 6.7)
(-0.5, 1.7, 7.1)
(-0.6, 1.7, 7.6)
(-0.7, 1.7, 8.1)
(-0.8, 1.7, 8.5)
(-0.8, 1.7, 9.0)
15, 5
(-0.8, 1.6, -2.6)
(-0.8, 1.7, -2.4)
(-0.8, 1.6, -2.5)
(-0.8, 1.6, -2.9)
(-0.7, 1.7, -3.1)
(-0.4, 1.7, -3.4)
(-0.3, 1.7, -3.8)
(-0.1, 1.7, -4.2)
(0.1, 1.7, -4.6)
(0.2, 1.7, -4.9)
(0.2, 1.7, -5.3)
(0.5, 1.7, -5.6)
(0.6, 1.7, -5.9)
(0.4, 1.7, -6.2)
(0.5, 1.7, -6.6)
(0.6, 1.7, -7.0)
(0.6, 1.7, -7.5)
(0.7, 1.7, -7.9)
(0.7, 1.7, -8.3)
(0.7, 1.7, -8.7)
(0.7, 1.6, -9.0)
15, 6
(0.8, 1.7, 2.7)
(0.8, 1.7, 2.6)
(0.8, 1.7, 2.6)
(0.8, 1.7, 2.7)
(0.7, 1.7, 2.8)
(0.6, 1.7, 2.8)
(0.7, 1.7, 2.8)
(0.7, 1.7, 2.8)
(0.7, 1.7, 2.8)
(0.6, 1.7, 2.8)
(0.6, 1.7, 2.8)
(0.6, 1.7, 2.8)
(0.6, 1.7, 3.1)
(0.6, 1.7, 3.3)
(0.3, 1.7, 3.6)
(0.1, 1.7, 4.0)
(-0.1, 1.7, 4.4)
(-0.3, 1.7, 4.8)
(-0.4, 1.7, 5.2)
(-0.4, 1.7, 5.7)
(-0.4, 1.7, 6.2)
(-0.5, 1.7, 6.7)
(-0.5, 1.7, 7.1)
(-0.7, 1.7, 7.5)
(-0.7, 1.7, 7.9)
(-0.8, 1.7, 8.4)
(-0.8, 1.7, 8.8)
(-0.8, 1.7, 9.1)
16, 1
(-0.7, 1.7, -2.7)
(-0.8, 1.6, -2.7)
(-0.8, 1.7, -2.9)
(-0.6, 1.7, -3.2)
(-0.4, 1.7, -3.5)
(-0.1, 1.7, -3.8)
(0.1, 1.7, -4.2)
(0.3, 1.7, -4.6)
(0.4, 1.7, -5.1)
(0.4, 1.7, -5.5)
(0.5, 1.7, -6.0)
(0.5, 1.7, -6.5)
(0.5, 1.7, -7.0)
(0.6, 1.7, -7.4)
(0.6, 1.7, -7.9)
(0.6, 1.7, -8.3)
(0.7, 1.7, -8.7)
16, 2
(0.7, 1.7, 2.8)
(0.6, 1.7, 2.6)
(0.6, 1.7, 2.5)
(0.6, 1.7, 2.6)
(0.5, 1.7, 2.9)
(0.3, 1.7, 3.2)
(0.2, 1.7, 3.4)
(0.2, 1.7, 3.8)
(0.0, 1.7, 4.2)
(-0.2, 1.7, 4.6)
(-0.3, 1.7, 5.0)
(-0.4, 1.7, 5.5)
(-0.5, 1.7, 6.0)
(-0.5, 1.7, 6.4)
(-0.6, 1.7, 6.9)
(-0.6, 1.7, 7.4)
(-0.7, 1.7, 7.8)
(-0.8, 1.7, 8.2)
(-0.8, 1.7, 8.7)
(-0.8, 1.7, 9.0)
16, 3
(-0.9, 1.7, -2.6)
(-0.8, 1.7, -2.7)
(-0.7, 1.7, -3.1)
(-0.5, 1.6, -3.5)
(-0.3, 1.7, -3.8)
(-0.2, 1.7, -4.3)
(0.1, 1.7, -4.7)
(0.2, 1.7, -5.2)
(0.3, 1.7, -5.7)
(0.4, 1.7, -6.2)
(0.4, 1.7, -6.6)
(0.4, 1.7, -7.1)
(0.5, 1.7, -7.6)
(0.5, 1.7, -8.0)
(0.6, 1.7, -8.4)
(0.6, 1.7, -8.8)
16, 4
(0.5, 1.7, 2.7)
(0.6, 1.7, 2.5)
(0.5, 1.7, 2.5)
(0.5, 1.7, 2.8)
(0.4, 1.7, 3.1)
(0.1, 1.7, 3.5)
(0.0, 1.7, 3.9)
(-0.2, 1.7, 4.4)
(-0.3, 1.7, 4.9)
(-0.3, 1.7, 5.4)
(-0.4, 1.7, 5.9)
(-0.5, 1.7, 6.4)
(-0.5, 1.7, 6.9)
(-0.6, 1.7, 7.4)
(-0.6, 1.7, 7.8)
(-0.7, 1.7, 8.2)
(-0.8, 1.7, 8.6)
(-0.8, 1.7, 8.9)
16, 5
(-0.8, 1.7, -2.7)
(-0.8, 1.7, -2.5)
(-0.8, 1.7, -2.7)
(-0.7, 1.7, -2.9)
(-0.4, 1.7, -3.2)
(-0.2, 1.7, -3.4)
(0.0, 1.7, -3.8)
(0.2, 1.7, -4.2)
(0.3, 1.7, -4.6)
(0.3, 1.7, -5.1)
(0.3, 1.7, -5.6)
(0.3, 1.7, -6.0)
(0.3, 1.7, -6.5)
(0.4, 1.7, -7.0)
(0.5, 1.7, -7.5)
(0.5, 1.7, -7.9)
(0.6, 1.7, -8.3)
(0.6, 1.7, -8.7)
(0.7, 1.7, -9.1)
16, 6
(0.6, 1.7, 2.2)
(0.6, 1.7, 2.2)
(0.6, 1.7, 2.2)
(0.5, 1.7, 2.2)
(0.5, 1.7, 2.1)
(0.5, 1.7, 2.1)
(0.5, 1.7, 2.3)
(0.4, 1.7, 2.5)
(0.3, 1.7, 2.7)
(0.1, 1.7, 2.9)
(0.0, 1.7, 3.3)
(0.0, 1.7, 3.6)
(-0.2, 1.7, 4.0)
(-0.2, 1.7, 4.4)
(-0.3, 1.7, 4.8)
(-0.4, 1.7, 5.2)
(-0.4, 1.7, 5.6)
(-0.4, 1.7, 6.0)
(-0.5, 1.7, 6.4)
(-0.5, 1.7, 6.8)
(-0.5, 1.7, 7.3)
(-0.6, 1.7, 7.6)
(-0.7, 1.7, 8.1)
(-0.7, 1.7, 8.4)
(-0.8, 1.7, 8.7)
(-0.8, 1.7, 9.0)
17, 1
(-0.8, 1.7, -2.6)
(-0.9, 1.7, -2.4)
(-0.8, 1.7, -2.5)
(-0.8, 1.7, -2.7)
(-0.6, 1.7, -2.9)
(-0.4, 1.7, -3.2)
(-0.3, 1.7, -3.5)
(-0.3, 1.7, -3.9)
(-0.1, 1.7, -4.2)
(-0.1, 1.7, -4.6)
(0.0, 1.7, -5.0)
(0.1, 1.7, -5.4)
(0.2, 1.7, -5.8)
(0.2, 1.7, -6.2)
(0.3, 1.7, -6.6)
(0.3, 1.7, -7.0)
(0.4, 1.7, -7.3)
(0.5, 1.7, -7.7)
(0.5, 1.7, -8.1)
(0.5, 1.7, -8.4)
(0.5, 1.7, -8.8)
(0.6, 1.7, -9.1)
17, 2
(0.5, 1.7, 2.6)
(0.5, 1.7, 2.4)
(0.5, 1.7, 2.4)
(0.5, 1.7, 2.7)
(0.4, 1.7, 2.9)
(0.2, 1.7, 3.1)
(0.1, 1.7, 3.5)
(0.1, 1.7, 3.9)
(-0.1, 1.7, 4.3)
(-0.1, 1.7, 4.7)
(-0.1, 1.7, 5.1)
(-0.3, 1.7, 5.5)
(-0.3, 1.7, 6.0)
(-0.3, 1.7, 6.4)
(-0.4, 1.7, 6.9)
(-0.4, 1.7, 7.3)
(-0.5, 1.7, 7.7)
(-0.6, 1.7, 8.1)
(-0.6, 1.7, 8.5)
(-0.6, 1.7, 8.8)
(-0.7, 1.7, 9.1)
17, 3
(-0.7, 1.7, -2.7)
(-0.7, 1.7, -2.8)
(-0.6, 1.7, -3.1)
(-0.4, 1.7, -3.4)
(-0.2, 1.7, -3.8)
(-0.2, 1.7, -4.2)
(-0.1, 1.7, -4.6)
(0.0, 1.7, -5.0)
(0.1, 1.7, -5.4)
(0.2, 1.7, -5.9)
(0.3, 1.7, -6.3)
(0.3, 1.7, -6.7)
(0.3, 1.7, -7.2)
(0.4, 1.7, -7.6)
(0.3, 1.7, -8.0)
(0.4, 1.7, -8.4)
(0.5, 1.7, -8.7)
(0.5, 1.7, -9.1)
17, 4
(0.6, 1.7, 2.6)
(0.6, 1.7, 2.4)
(0.6, 1.7, 2.5)
(0.5, 1.7, 2.7)
(0.4, 1.7, 2.9)
(0.2, 1.7, 3.2)
(0.0, 1.7, 3.5)
(-0.1, 1.7, 4.0)
(-0.3, 1.7, 4.4)
(-0.3, 1.7, 4.8)
(-0.3, 1.7, 5.2)
(-0.4, 1.7, 5.7)
(-0.4, 1.7, 6.1)
(-0.5, 1.7, 6.6)
(-0.6, 1.7, 7.0)
(-0.6, 1.7, 7.4)
(-0.7, 1.7, 7.8)
(-0.8, 1.7, 8.1)
(-0.8, 1.7, 8.5)
(-0.8, 1.7, 8.8)
17, 5
(-0.9, 1.7, -2.8)
(-0.9, 1.7, -2.6)
(-0.9, 1.7, -2.6)
(-0.9, 1.7, -2.7)
(-0.9, 1.7, -2.8)
(-0.8, 1.7, -3.1)
(-0.7, 1.7, -3.3)
(-0.6, 1.7, -3.6)
(-0.5, 1.7, -4.0)
(-0.4, 1.7, -4.3)
(-0.2, 1.7, -4.7)
(-0.1, 1.7, -5.1)
(0.0, 1.7, -5.4)
(0.1, 1.7, -5.8)
(0.2, 1.7, -6.2)
(0.2, 1.7, -6.6)
(0.3, 1.7, -7.0)
(0.4, 1.7, -7.3)
(0.5, 1.7, -7.7)
(0.5, 1.7, -8.1)
(0.6, 1.7, -8.4)
(0.6, 1.7, -8.8)
(0.6, 1.7, -9.1)
17, 6
(1.0, 1.7, 2.5)
(0.9, 1.7, 2.5)
(0.9, 1.7, 2.5)
(0.9, 1.7, 2.5)
(0.9, 1.7, 2.5)
(0.8, 1.7, 2.5)
(0.5, 1.7, 2.8)
(0.4, 1.7, 3.2)
(0.2, 1.7, 3.5)
(0.0, 1.7, 3.9)
(-0.1, 1.7, 4.3)
(-0.3, 1.7, 4.6)
(-0.4, 1.7, 5.1)
(-0.4, 1.7, 5.6)
(-0.5, 1.7, 6.0)
(-0.5, 1.7, 6.5)
(-0.5, 1.7, 6.9)
(-0.6, 1.7, 7.4)
(-0.5, 1.7, 7.8)
(-0.6, 1.7, 8.2)
(-0.7, 1.7, 8.5)
(-0.7, 1.7, 8.9)
18, 1
(-0.7, 1.7, -2.8)
(-0.8, 1.7, -2.5)
(-0.8, 1.7, -2.6)
(-0.7, 1.7, -2.8)
(-0.6, 1.7, -3.0)
(-0.4, 1.7, -3.3)
(-0.3, 1.7, -3.7)
(-0.3, 1.7, -4.2)
(-0.1, 1.7, -4.7)
(-0.1, 1.7, -5.2)
(0.0, 1.7, -5.6)
(0.0, 1.7, -6.1)
(0.1, 1.7, -6.7)
(0.3, 1.7, -7.1)
(0.4, 1.7, -7.6)
(0.4, 1.7, -8.0)
(0.6, 1.7, -8.4)
(0.6, 1.7, -8.8)
(0.6, 1.7, -9.1)
18, 2
(0.6, 1.7, 2.6)
(0.7, 1.7, 2.4)
(0.7, 1.7, 2.3)
(0.7, 1.7, 2.4)
(0.6, 1.7, 2.6)
(0.5, 1.7, 2.8)
(0.3, 1.7, 3.1)
(0.1, 1.7, 3.3)
(-0.1, 1.7, 3.7)
(-0.2, 1.7, 4.1)
(-0.3, 1.7, 4.6)
(-0.3, 1.7, 5.1)
(-0.4, 1.7, 5.6)
(-0.4, 1.7, 6.1)
(-0.5, 1.7, 6.6)
(-0.6, 1.7, 7.0)
(-0.6, 1.7, 7.5)
(-0.7, 1.7, 8.0)
(-0.7, 1.7, 8.4)
(-0.7, 1.7, 8.7)
18, 3
(-0.7, 1.7, -2.8)
(-0.7, 1.7, -2.5)
(-0.7, 1.7, -2.7)
(-0.6, 1.7, -3.1)
(-0.5, 1.7, -3.4)
(-0.3, 1.7, -3.8)
(-0.3, 1.7, -4.3)
(-0.1, 1.7, -4.7)
(0.0, 1.7, -5.2)
(0.0, 1.7, -5.7)
(0.1, 1.7, -6.2)
(0.1, 1.7, -6.7)
(0.1, 1.7, -7.1)
(0.2, 1.7, -7.5)
(0.2, 1.7, -8.0)
(0.3, 1.7, -8.4)
(0.3, 1.7, -8.7)
18, 4
(0.4, 1.7, 2.8)
(0.5, 1.7, 2.5)
(0.5, 1.7, 2.2)
(0.5, 1.7, 2.3)
(0.5, 1.7, 2.4)
(0.4, 1.7, 2.6)
(0.3, 1.7, 2.6)
(0.1, 1.7, 2.6)
(0.1, 1.7, 2.8)
(0.0, 1.7, 3.1)
(-0.2, 1.7, 3.5)
(-0.3, 1.7, 3.8)
(-0.4, 1.7, 4.3)
(-0.4, 1.7, 4.8)
(-0.4, 1.7, 5.3)
(-0.4, 1.7, 5.8)
(-0.5, 1.7, 6.3)
(-0.5, 1.7, 6.8)
(-0.6, 1.7, 7.3)
(-0.7, 1.7, 7.7)
(-0.7, 1.7, 8.2)
(-0.8, 1.7, 8.6)
(-0.9, 1.7, 8.9)
18, 5
(-0.8, 1.7, -2.7)
(-0.7, 1.7, -2.5)
(-0.7, 1.7, -2.5)
(-0.6, 1.7, -2.7)
(-0.5, 1.7, -3.0)
(-0.3, 1.7, -3.3)
(-0.2, 1.7, -3.7)
(-0.2, 1.7, -4.1)
(-0.2, 1.7, -4.6)
(-0.2, 1.7, -5.1)
(-0.1, 1.7, -5.6)
(0.0, 1.7, -6.1)
(0.1, 1.7, -6.5)
(0.2, 1.7, -7.0)
(0.3, 1.7, -7.4)
(0.3, 1.7, -7.9)
(0.4, 1.7, -8.3)
(0.5, 1.7, -8.7)
(0.6, 1.7, -9.1)
18, 6
(0.7, 1.7, 2.5)
(0.7, 1.7, 2.4)
(0.6, 1.7, 2.7)
(0.5, 1.7, 2.9)
(0.2, 1.7, 3.2)
(0.0, 1.7, 3.6)
(-0.1, 1.7, 4.0)
(-0.3, 1.7, 4.5)
(-0.4, 1.7, 4.9)
(-0.5, 1.7, 5.4)
(-0.6, 1.7, 5.8)
(-0.6, 1.7, 6.3)
(-0.6, 1.7, 6.8)
(-0.6, 1.7, 7.2)
(-0.6, 1.7, 7.7)
(-0.7, 1.7, 8.1)
(-0.7, 1.7, 8.5)
(-0.8, 1.7, 8.9)
19, 1
(-0.8, 1.7, -2.6)
(-0.8, 1.7, -2.4)
(-0.8, 1.7, -2.4)
(-0.8, 1.7, -2.6)
(-0.7, 1.7, -2.9)
(-0.6, 1.7, -3.2)
(-0.4, 1.7, -3.6)
(-0.3, 1.7, -4.0)
(-0.1, 1.7, -4.4)
(0.1, 1.7, -4.9)
(0.2, 1.7, -5.3)
(0.3, 1.7, -5.8)
(0.4, 1.7, -6.3)
(0.4, 1.7, -6.8)
(0.5, 1.7, -7.3)
(0.5, 1.7, -7.7)
(0.6, 1.7, -8.2)
(0.7, 1.7, -8.7)
(0.7, 1.7, -9.1)
19, 2
(0.7, 1.7, 2.5)
(0.7, 1.7, 2.4)
(0.6, 1.7, 2.6)
(0.4, 1.7, 2.9)
(0.2, 1.7, 3.2)
(0.0, 1.7, 3.6)
(-0.1, 1.7, 4.0)
(-0.4, 1.7, 4.5)
(-0.4, 1.7, 5.0)
(-0.5, 1.7, 5.5)
(-0.5, 1.7, 6.0)
(-0.5, 1.7, 6.5)
(-0.6, 1.7, 6.9)
(-0.6, 1.7, 7.4)
(-0.6, 1.7, 7.9)
(-0.7, 1.7, 8.3)
(-0.7, 1.7, 8.7)
(-0.8, 1.7, 9.1)
19, 3
(-0.9, 1.7, -2.6)
(-0.8, 1.7, -2.5)
(-0.7, 1.7, -2.8)
(-0.6, 1.7, -3.0)
(-0.4, 1.6, -3.1)
(-0.4, 1.6, -3.2)
(-0.4, 1.6, -3.2)
(-0.4, 1.7, -3.3)
(-0.3, 1.7, -3.4)
(-0.2, 1.7, -3.8)
(0.0, 1.7, -4.2)
(0.1, 1.7, -4.6)
(0.1, 1.7, -5.1)
(0.2, 1.7, -5.6)
(0.2, 1.7, -6.1)
(0.2, 1.7, -6.5)
(0.4, 1.7, -7.0)
(0.4, 1.7, -7.4)
(0.5, 1.7, -7.8)
(0.6, 1.7, -8.2)
(0.6, 1.7, -8.6)
(0.6, 1.7, -9.0)
19, 4
(0.6, 1.7, 2.6)
(0.6, 1.7, 2.5)
(0.5, 1.7, 2.8)
(0.5, 1.7, 3.0)
(0.2, 1.7, 3.3)
(0.1, 1.7, 3.7)
(0.0, 1.7, 4.1)
(-0.1, 1.7, 4.6)
(-0.1, 1.7, 5.1)
(-0.3, 1.7, 5.5)
(-0.4, 1.7, 6.0)
(-0.4, 1.7, 6.5)
(-0.5, 1.7, 7.0)
(-0.5, 1.7, 7.5)
(-0.6, 1.7, 8.0)
(-0.7, 1.7, 8.4)
(-0.7, 1.7, 8.9)
19, 5
(-0.7, 1.7, -2.7)
(-0.8, 1.7, -2.5)
(-0.7, 1.7, -2.5)
(-0.7, 1.7, -2.7)
(-0.5, 1.7, -3.0)
(-0.3, 1.7, -3.3)
(-0.1, 1.7, -3.8)
(0.1, 1.7, -4.2)
(0.3, 1.7, -4.7)
(0.4, 1.7, -5.1)
(0.5, 1.7, -5.6)
(0.5, 1.7, -6.1)
(0.5, 1.7, -6.5)
(0.6, 1.7, -7.0)
(0.6, 1.7, -7.4)
(0.6, 1.7, -7.9)
(0.7, 1.7, -8.3)
(0.6, 1.7, -8.7)
19, 6
(0.6, 1.7, 2.8)
(0.9, 1.7, 2.3)
(0.9, 1.7, 2.3)
(0.9, 1.7, 2.3)
(0.8, 1.7, 2.3)
(0.7, 1.7, 2.5)
(0.6, 1.7, 2.9)
(0.4, 1.7, 3.2)
(0.3, 1.7, 3.5)
(0.2, 1.7, 3.9)
(0.1, 1.7, 4.4)
(-0.1, 1.7, 4.9)
(-0.2, 1.7, 5.4)
(-0.3, 1.7, 5.8)
(-0.3, 1.7, 6.4)
(-0.3, 1.7, 6.8)
(-0.4, 1.7, 7.3)
(-0.4, 1.7, 7.8)
(-0.6, 1.7, 8.2)
(-0.7, 1.7, 8.6)
(-0.7, 1.7, 9.0)
20, 1
(-0.8, 1.7, -2.6)
(-0.8, 1.7, -2.5)
(-0.6, 1.7, -2.7)
(-0.5, 1.7, -3.0)
(-0.3, 1.7, -3.4)
(-0.2, 1.7, -3.8)
(0.0, 1.7, -4.3)
(0.2, 1.7, -4.7)
(0.3, 1.7, -5.1)
(0.4, 1.7, -5.6)
(0.4, 1.7, -6.1)
(0.4, 1.7, -6.6)
(0.5, 1.7, -7.0)
(0.5, 1.7, -7.5)
(0.5, 1.7, -8.0)
(0.6, 1.7, -8.4)
(0.6, 1.7, -8.9)
20, 2
(0.6, 1.7, 2.6)
(0.7, 1.7, 2.3)
(0.6, 1.7, 2.2)
(0.6, 1.7, 2.5)
(0.5, 1.7, 2.8)
(0.3, 1.7, 3.1)
(0.2, 1.7, 3.6)
(0.0, 1.7, 4.0)
(-0.2, 1.7, 4.4)
(-0.3, 1.7, 4.9)
(-0.5, 1.7, 5.4)
(-0.6, 1.7, 5.8)
(-0.6, 1.7, 6.3)
(-0.7, 1.7, 6.8)
(-0.7, 1.7, 7.3)
(-0.7, 1.7, 7.7)
(-0.8, 1.7, 8.2)
(-0.8, 1.7, 8.6)
(-0.8, 1.7, 9.0)
20, 3
(-0.9, 1.7, -2.6)
(-0.9, 1.7, -2.6)
(-0.8, 1.7, -2.9)
(-0.7, 1.7, -3.2)
(-0.5, 1.7, -3.6)
(-0.4, 1.7, -4.0)
(-0.3, 1.7, -4.4)
(-0.1, 1.7, -4.7)
(-0.1, 1.7, -5.0)
(0.0, 1.7, -5.5)
(0.2, 1.7, -6.0)
(0.2, 1.7, -6.6)
(0.3, 1.7, -7.1)
(0.4, 1.7, -7.6)
(0.3, 1.7, -8.1)
(0.4, 1.7, -8.6)
(0.4, 1.7, -9.0)
20, 4
(0.4, 1.7, 2.5)
(0.5, 1.7, 2.2)
(0.4, 1.7, 2.3)
(0.4, 1.7, 2.7)
(0.2, 1.7, 3.0)
(0.0, 1.7, 3.4)
(-0.1, 1.7, 3.9)
(-0.2, 1.7, 4.4)
(-0.2, 1.7, 4.9)
(-0.3, 1.7, 5.4)
(-0.3, 1.7, 5.9)
(-0.3, 1.7, 6.4)
(-0.4, 1.7, 7.0)
(-0.4, 1.7, 7.5)
(-0.3, 1.7, 8.0)
(-0.4, 1.7, 8.5)
(-0.4, 1.7, 8.9)
20, 5
(-0.4, 1.7, -2.6)
(-0.5, 1.7, -2.4)
(-0.5, 1.7, -2.6)
(-0.4, 1.7, -3.0)
(-0.2, 1.7, -3.3)
(-0.1, 1.7, -3.7)
(0.1, 1.7, -4.1)
(0.2, 1.7, -4.6)
(0.3, 1.7, -5.0)
(0.3, 1.7, -5.5)
(0.4, 1.7, -6.0)
(0.4, 1.7, -6.5)
(0.5, 1.7, -7.0)
(0.6, 1.7, -7.4)
(0.6, 1.7, -7.9)
(0.7, 1.7, -8.3)
(0.7, 1.7, -8.8)
20, 6
(0.6, 1.7, 2.8)
(0.9, 1.7, 2.1)
(0.9, 1.7, 2.1)
(0.8, 1.7, 2.1)
(0.8, 1.7, 2.1)
(0.8, 1.7, 2.1)
(0.7, 1.7, 2.2)
(0.6, 1.7, 2.6)
(0.6, 1.7, 2.8)
(0.4, 1.7, 3.1)
(0.3, 1.7, 3.5)
(0.2, 1.7, 3.9)
(-0.1, 1.7, 4.3)
(-0.2, 1.7, 4.7)
(-0.2, 1.7, 5.2)
(-0.4, 1.7, 5.6)
(-0.4, 1.7, 6.1)
(-0.5, 1.7, 6.6)
(-0.6, 1.7, 7.0)
(-0.6, 1.7, 7.5)
(-0.7, 1.7, 8.0)
(-0.7, 1.7, 8.4)
(-0.7, 1.7, 8.9)
21, 1
(-0.7, 1.6, -2.7)
(-0.8, 1.7, -2.5)
(-0.8, 1.7, -2.7)
(-0.7, 1.7, -3.0)
(-0.6, 1.6, -3.3)
(-0.4, 1.7, -3.7)
(-0.3, 1.7, -4.1)
(-0.1, 1.7, -4.6)
(0.0, 1.7, -5.0)
(0.0, 1.7, -5.5)
(0.1, 1.7, -6.0)
(0.1, 1.7, -6.4)
(0.2, 1.7, -6.9)
(0.3, 1.7, -7.3)
(0.3, 1.7, -7.8)
(0.3, 1.7, -8.3)
(0.4, 1.7, -8.7)
21, 2
(0.4, 1.7, 2.8)
(0.5, 1.7, 2.4)
(0.6, 1.7, 2.3)
(0.7, 1.7, 2.2)
(0.7, 1.7, 2.2)
(0.7, 1.7, 2.2)
(0.7, 1.7, 2.2)
(0.7, 1.7, 2.2)
(0.7, 1.7, 2.2)
(0.7, 1.7, 2.2)
(0.6, 1.7, 2.3)
(0.5, 1.7, 2.4)
(0.4, 1.7, 2.7)
(0.2, 1.7, 2.9)
(0.0, 1.7, 3.2)
(0.0, 1.7, 3.6)
(-0.1, 1.7, 4.0)
(-0.2, 1.7, 4.4)
(-0.2, 1.7, 4.9)
(-0.4, 1.7, 5.3)
(-0.5, 1.7, 5.7)
(-0.5, 1.7, 6.2)
(-0.6, 1.7, 6.7)
(-0.5, 1.7, 7.2)
(-0.5, 1.7, 7.6)
(-0.6, 1.7, 8.1)
(-0.7, 1.7, 8.5)
(-0.8, 1.7, 8.9)
21, 3
(-0.9, 1.7, -2.6)
(-0.9, 1.7, -2.5)
(-0.8, 1.7, -2.8)
(-0.6, 1.7, -3.1)
(-0.3, 1.7, -3.4)
(-0.1, 1.7, -3.8)
(0.0, 1.7, -4.2)
(0.2, 1.7, -4.7)
(0.3, 1.7, -5.2)
(0.4, 1.7, -5.7)
(0.5, 1.7, -6.2)
(0.5, 1.7, -6.7)
(0.6, 1.7, -7.1)
(0.6, 1.7, -7.6)
(0.6, 1.7, -8.0)
(0.7, 1.7, -8.4)
(0.7, 1.7, -8.8)
21, 4
(0.7, 1.7, 2.7)
(0.8, 1.7, 2.4)
(0.7, 1.7, 2.4)
(0.6, 1.7, 2.6)
(0.4, 1.7, 2.9)
(0.1, 1.7, 3.1)
(-0.1, 1.7, 3.5)
(-0.2, 1.7, 3.9)
(-0.4, 1.7, 4.3)
(-0.4, 1.7, 4.8)
(-0.5, 1.7, 5.3)
(-0.6, 1.7, 5.7)
(-0.6, 1.7, 6.2)
(-0.7, 1.7, 6.7)
(-0.7, 1.7, 7.2)
(-0.8, 1.7, 7.6)
(-0.9, 1.7, 8.0)
(-0.9, 1.7, 8.4)
(-0.9, 1.7, 8.8)
21, 5
(-1.0, 1.7, -2.8)
(-1.0, 1.7, -2.6)
(-1.0, 1.7, -2.6)
(-0.8, 1.7, -3.0)
(-0.6, 1.7, -3.1)
(-0.3, 1.7, -3.3)
(-0.1, 1.7, -3.7)
(0.2, 1.7, -4.1)
(0.4, 1.7, -4.5)
(0.4, 1.7, -4.9)
(0.6, 1.7, -5.4)
(0.6, 1.7, -5.8)
(0.6, 1.7, -6.2)
(0.6, 1.7, -6.7)
(0.6, 1.7, -7.2)
(0.6, 1.7, -7.6)
(0.7, 1.7, -8.1)
(0.7, 1.7, -8.5)
(0.7, 1.7, -8.9)
21, 6
(0.7, 1.7, 2.7)
(0.7, 1.7, 2.5)
(0.6, 1.7, 2.5)
(0.5, 1.7, 2.8)
(0.4, 1.7, 2.9)
(0.2, 1.7, 3.1)
(-0.1, 1.7, 3.2)
(-0.3, 1.7, 3.5)
(-0.5, 1.7, 3.9)
(-0.6, 1.7, 4.3)
(-0.6, 1.7, 4.8)
(-0.6, 1.7, 5.3)
(-0.6, 1.7, 5.8)
(-0.6, 1.7, 6.3)
(-0.6, 1.7, 6.8)
(-0.7, 1.7, 7.2)
(-0.7, 1.7, 7.7)
(-0.8, 1.7, 8.1)
(-0.8, 1.7, 8.6)
(-0.8, 1.7, 9.0)
22, 1
(-0.8, 1.7, -2.6)
(-0.8, 1.7, -2.5)
(-0.7, 1.7, -2.7)
(-0.6, 1.7, -3.0)
(-0.4, 1.7, -3.3)
(-0.2, 1.7, -3.7)
(0.0, 1.7, -4.2)
(0.3, 1.7, -4.6)
(0.3, 1.7, -5.1)
(0.4, 1.7, -5.6)
(0.5, 1.7, -6.1)
(0.5, 1.7, -6.7)
(0.6, 1.7, -7.1)
(0.6, 1.7, -7.6)
(0.6, 1.7, -8.1)
(0.7, 1.7, -8.6)
(0.7, 1.7, -9.1)
22, 2
(0.7, 1.7, 2.5)
(0.8, 1.7, 2.2)
(0.8, 1.7, 2.1)
(0.8, 1.7, 2.1)
(0.8, 1.7, 2.2)
(0.7, 1.7, 2.4)
(0.5, 1.7, 2.6)
(0.2, 1.7, 2.9)
(0.0, 1.7, 3.2)
(-0.2, 1.7, 3.6)
(-0.5, 1.7, 3.9)
(-0.5, 1.7, 4.4)
(-0.6, 1.7, 4.9)
(-0.7, 1.7, 5.3)
(-0.7, 1.7, 5.8)
(-0.8, 1.7, 6.3)
(-0.8, 1.7, 6.8)
(-0.8, 1.7, 7.3)
(-0.9, 1.7, 7.8)
(-0.9, 1.7, 8.3)
(-0.9, 1.7, 8.7)
(-1.0, 1.7, 9.1)
22, 3
(-1.0, 1.7, -2.6)
(-1.0, 1.7, -2.6)
(-0.9, 1.7, -2.8)
(-0.8, 1.7, -3.2)
(-0.5, 1.7, -3.4)
(-0.2, 1.7, -3.8)
(0.1, 1.7, -4.2)
(0.4, 1.7, -4.6)
(0.5, 1.7, -5.0)
(0.5, 1.7, -5.5)
(0.7, 1.7, -6.1)
(0.7, 1.7, -6.6)
(0.7, 1.7, -7.1)
(0.7, 1.7, -7.6)
(0.6, 1.7, -8.0)
(0.7, 1.7, -8.5)
(0.7, 1.7, -8.9)
22, 4
(0.7, 1.7, 2.7)
(0.7, 1.7, 2.3)
(0.7, 1.7, 2.2)
(0.5, 1.7, 2.4)
(0.4, 1.7, 2.7)
(0.2, 1.7, 2.9)
(-0.1, 1.7, 3.2)
(-0.3, 1.7, 3.6)
(-0.6, 1.7, 3.9)
(-0.7, 1.7, 4.4)
(-0.7, 1.7, 4.8)
(-0.8, 1.7, 5.3)
(-0.8, 1.7, 5.8)
(-0.7, 1.7, 6.3)
(-0.8, 1.7, 6.8)
(-0.7, 1.7, 7.3)
(-0.7, 1.7, 7.8)
(-0.8, 1.7, 8.3)
(-0.8, 1.7, 8.7)
22, 5
(-0.8, 1.7, -2.8)
(-0.9, 1.7, -2.5)
(-0.8, 1.7, -2.6)
(-0.7, 1.7, -3.0)
(-0.5, 1.7, -3.3)
(-0.3, 1.7, -3.7)
(-0.2, 1.7, -4.1)
(0.0, 1.7, -4.6)
(0.1, 1.7, -5.1)
(0.1, 1.7, -5.5)
(0.2, 1.7, -6.0)
(0.2, 1.7, -6.5)
(0.3, 1.7, -7.0)
(0.5, 1.7, -7.4)
(0.5, 1.7, -7.9)
(0.6, 1.7, -8.4)
(0.7, 1.7, -8.8)
22, 6
(0.7, 1.7, 2.8)
(1.0, 1.7, 2.0)
(0.9, 1.7, 2.0)
(0.9, 1.7, 2.0)
(0.9, 1.7, 2.0)
(0.9, 1.7, 2.0)
(0.9, 1.7, 2.0)
(0.8, 1.7, 2.1)
(0.6, 1.7, 2.5)
(0.4, 1.7, 2.8)
(0.2, 1.7, 3.1)
(0.1, 1.7, 3.5)
(-0.1, 1.7, 3.8)
(-0.3, 1.7, 4.3)
(-0.3, 1.7, 4.7)
(-0.3, 1.7, 5.1)
(-0.4, 1.7, 5.6)
(-0.4, 1.7, 6.1)
(-0.4, 1.7, 6.5)
(-0.5, 1.7, 7.0)
(-0.5, 1.7, 7.4)
(-0.6, 1.7, 7.8)
(-0.7, 1.7, 8.2)
(-0.7, 1.7, 8.6)
(-0.8, 1.7, 9.0)
23, 1
(-0.8, 1.7, -2.6)
(-0.8, 1.7, -2.4)
(-0.8, 1.7, -2.3)
(-0.8, 1.6, -2.5)
(-0.6, 1.7, -2.8)
(-0.4, 1.7, -3.0)
(-0.3, 1.7, -3.4)
(-0.2, 1.7, -3.9)
(-0.1, 1.7, -4.4)
(0.0, 1.7, -4.9)
(0.0, 1.7, -5.3)
(0.1, 1.7, -5.8)
(0.2, 1.7, -6.3)
(0.3, 1.7, -6.8)
(0.4, 1.7, -7.3)
(0.4, 1.7, -7.8)
(0.5, 1.7, -8.3)
(0.6, 1.7, -8.7)
23, 2
(0.6, 1.7, 2.7)
(0.7, 1.7, 2.4)
(0.7, 1.7, 2.3)
(0.6, 1.7, 2.5)
(0.5, 1.7, 2.8)
(0.2, 1.7, 3.1)
(0.0, 1.7, 3.4)
(-0.1, 1.7, 3.9)
(-0.3, 1.7, 4.4)
(-0.4, 1.7, 4.8)
(-0.4, 1.7, 5.3)
(-0.6, 1.7, 5.8)
(-0.6, 1.7, 6.3)
(-0.6, 1.7, 6.8)
(-0.7, 1.7, 7.3)
(-0.7, 1.7, 7.8)
(-0.8, 1.7, 8.2)
(-0.8, 1.7, 8.6)
(-0.8, 1.7, 9.0)
23, 3
(-0.9, 1.7, -2.5)
(-0.9, 1.7, -2.5)
(-0.8, 1.7, -2.7)
(-0.7, 1.7, -3.0)
(-0.4, 1.7, -3.4)
(-0.3, 1.7, -3.7)
(-0.2, 1.7, -4.2)
(0.0, 1.7, -4.7)
(0.1, 1.7, -5.1)
(0.2, 1.7, -5.6)
(0.4, 1.7, -6.1)
(0.4, 1.7, -6.6)
(0.5, 1.7, -7.1)
(0.6, 1.7, -7.5)
(0.7, 1.7, -8.0)
(0.8, 1.7, -8.4)
(0.8, 1.7, -8.8)
23, 4
(0.7, 1.7, 2.7)
(0.7, 1.7, 2.5)
(0.6, 1.7, 2.6)
(0.5, 1.7, 2.9)
(0.3, 1.7, 3.3)
(0.2, 1.7, 3.8)
(0.0, 1.7, 4.2)
(-0.2, 1.7, 4.6)
(-0.3, 1.7, 5.1)
(-0.5, 1.7, 5.5)
(-0.6, 1.7, 6.0)
(-0.6, 1.7, 6.4)
(-0.6, 1.7, 6.9)
(-0.7, 1.7, 7.4)
(-0.7, 1.7, 7.8)
(-0.8, 1.7, 8.3)
(-0.9, 1.7, 8.7)
(-0.9, 1.7, 9.0)
23, 5
(-0.9, 1.7, -2.6)
(-0.9, 1.7, -2.4)
(-0.9, 1.7, -2.6)
(-0.8, 1.7, -2.9)
(-0.6, 1.7, -3.1)
(-0.4, 1.7, -3.5)
(-0.3, 1.7, -3.9)
(-0.1, 1.7, -4.3)
(0.0, 1.7, -4.8)
(0.0, 1.7, -5.2)
(0.1, 1.7, -5.5)
(0.2, 1.7, -6.0)
(0.1, 1.7, -6.4)
(0.1, 1.7, -6.8)
(0.3, 1.7, -7.2)
(0.3, 1.7, -7.6)
(0.4, 1.7, -8.0)
(0.5, 1.7, -8.4)
(0.5, 1.7, -8.7)
(0.4, 1.7, -9.0)
23, 6
(0.5, 1.7, 2.8)
(0.8, 1.7, 2.3)
(0.8, 1.7, 2.3)
(0.7, 1.7, 2.3)
(0.7, 1.7, 2.4)
(0.6, 1.7, 2.4)
(0.5, 1.7, 2.5)
(0.4, 1.7, 2.8)
(0.4, 1.7, 3.0)
(0.2, 1.7, 3.2)
(-0.1, 1.7, 3.5)
(-0.2, 1.7, 3.9)
(-0.3, 1.7, 4.3)
(-0.3, 1.7, 4.8)
(-0.3, 1.7, 5.3)
(-0.3, 1.7, 5.7)
(-0.4, 1.7, 6.2)
(-0.5, 1.7, 6.7)
(-0.7, 1.7, 7.1)
(-0.7, 1.7, 7.6)
(-0.7, 1.7, 8.0)
(-0.8, 1.7, 8.4)
(-0.8, 1.7, 8.8)
24, 1
(-0.8, 1.7, -2.7)
(-0.9, 1.7, -2.4)
(-0.9, 1.7, -2.3)
(-0.8, 1.7, -2.5)
(-0.7, 1.7, -2.8)
(-0.5, 1.7, -3.1)
(-0.3, 1.7, -3.4)
(-0.2, 1.7, -3.9)
(-0.1, 1.7, -4.4)
(-0.1, 1.7, -4.8)
(-0.1, 1.7, -5.3)
(0.1, 1.7, -5.8)
(0.1, 1.7, -6.2)
(0.1, 1.7, -6.7)
(0.3, 1.7, -7.1)
(0.4, 1.7, -7.6)
(0.5, 1.7, -8.0)
(0.6, 1.7, -8.5)
(0.6, 1.7, -8.9)
24, 2
(0.6, 1.7, 2.7)
(0.7, 1.7, 2.4)
(0.6, 1.7, 2.5)
(0.6, 1.7, 2.8)
(0.4, 1.7, 3.0)
(0.1, 1.7, 3.3)
(-0.1, 1.7, 3.7)
(-0.2, 1.7, 4.1)
(-0.4, 1.7, 4.6)
(-0.4, 1.7, 5.0)
(-0.5, 1.7, 5.5)
(-0.5, 1.7, 6.0)
(-0.6, 1.7, 6.5)
(-0.6, 1.7, 7.0)
(-0.6, 1.7, 7.4)
(-0.6, 1.7, 7.9)
(-0.7, 1.7, 8.3)
(-0.7, 1.7, 8.8)
24, 3
(-0.8, 1.7, -2.8)
(-0.9, 1.7, -2.5)
(-0.9, 1.7, -2.4)
(-0.8, 1.7, -2.6)
(-0.7, 1.7, -2.9)
(-0.4, 1.7, -3.1)
(-0.2, 1.7, -3.5)
(-0.1, 1.7, -4.0)
(0.0, 1.7, -4.4)
(0.1, 1.7, -4.9)
(0.2, 1.7, -5.3)
(0.4, 1.7, -5.8)
(0.4, 1.7, -6.3)
(0.5, 1.7, -6.8)
(0.6, 1.7, -7.2)
(0.5, 1.7, -7.7)
(0.6, 1.7, -8.1)
(0.6, 1.7, -8.5)
(0.6, 1.7, -9.0)
24, 4
(0.7, 1.7, 2.6)
(0.7, 1.7, 2.5)
(0.7, 1.7, 2.5)
(0.6, 1.7, 2.8)
(0.4, 1.7, 3.1)
(0.2, 1.7, 3.4)
(0.0, 1.7, 3.8)
(-0.2, 1.7, 4.2)
(-0.3, 1.7, 4.5)
(-0.4, 1.7, 4.9)
(-0.6, 1.7, 5.4)
(-0.8, 1.7, 5.8)
(-0.7, 1.7, 6.2)
(-0.7, 1.7, 6.7)
(-0.8, 1.7, 7.1)
(-0.7, 1.7, 7.5)
(-0.8, 1.7, 7.9)
(-0.9, 1.7, 8.2)
(-0.8, 1.7, 8.5)
(-0.8, 1.7, 8.8)
24, 5
(-0.8, 1.7, -2.8)
(-0.9, 1.7, -2.6)
(-0.9, 1.7, -2.6)
(-0.8, 1.7, -2.8)
(-0.7, 1.7, -3.2)
(-0.5, 1.7, -3.6)
(-0.3, 1.7, -4.0)
(-0.3, 1.7, -4.5)
(-0.1, 1.7, -5.0)
(-0.1, 1.7, -5.5)
(0.1, 1.7, -5.9)
(0.2, 1.7, -6.4)
(0.3, 1.7, -6.8)
(0.4, 1.7, -7.3)
(0.5, 1.7, -7.7)
(0.5, 1.7, -8.2)
(0.6, 1.7, -8.6)
(0.7, 1.7, -9.0)
24, 6
(0.6, 1.7, 2.5)
(0.7, 1.7, 2.3)
(0.7, 1.7, 2.2)
(0.6, 1.7, 2.4)
(0.5, 1.7, 2.7)
(0.3, 1.7, 2.9)
(0.1, 1.7, 3.2)
(0.0, 1.7, 3.6)
(-0.2, 1.7, 4.0)
(-0.3, 1.7, 4.4)
(-0.4, 1.7, 4.8)
(-0.5, 1.7, 5.2)
(-0.5, 1.7, 5.7)
(-0.5, 1.7, 6.1)
(-0.6, 1.7, 6.6)
(-0.6, 1.7, 7.0)
(-0.5, 1.7, 7.4)
(-0.6, 1.7, 7.9)
(-0.6, 1.7, 8.3)
(-0.7, 1.7, 8.7)
(-0.8, 1.7, 9.1)
25, 1
(-0.7, 1.7, -2.6)
(-0.7, 1.7, -2.4)
(-0.8, 1.7, -2.3)
(-0.7, 1.7, -2.4)
(-0.7, 1.7, -2.7)
(-0.5, 1.7, -2.9)
(-0.3, 1.7, -3.2)
(-0.2, 1.7, -3.5)
(-0.1, 1.7, -3.9)
(0.1, 1.7, -4.3)
(0.2, 1.7, -4.6)
(0.2, 1.7, -5.0)
(0.3, 1.7, -5.4)
(0.4, 1.7, -5.9)
(0.4, 1.7, -6.3)
(0.5, 1.7, -6.7)
(0.5, 1.7, -7.1)
(0.5, 1.7, -7.5)
(0.6, 1.7, -7.9)
(0.6, 1.7, -8.4)
(0.6, 1.7, -8.8)
25, 2
(0.7, 1.7, 2.7)
(0.6, 1.7, 2.4)
(0.6, 1.7, 2.1)
(0.7, 1.7, 1.9)
(0.6, 1.7, 2.0)
(0.6, 1.7, 2.2)
(0.5, 1.7, 2.5)
(0.2, 1.7, 2.7)
(0.1, 1.7, 3.0)
(0.0, 1.7, 3.4)
(-0.2, 1.7, 3.7)
(-0.3, 1.7, 4.1)
(-0.3, 1.7, 4.5)
(-0.4, 1.7, 4.9)
(-0.4, 1.7, 5.4)
(-0.4, 1.7, 5.8)
(-0.6, 1.7, 6.2)
(-0.6, 1.7, 6.6)
(-0.7, 1.7, 7.1)
(-0.8, 1.7, 7.5)
(-0.7, 1.7, 7.9)
(-0.7, 1.7, 8.3)
(-0.8, 1.7, 8.7)
(-0.8, 1.7, 9.1)
25, 3
(-0.8, 1.7, -2.6)
(-0.9, 1.7, -2.4)
(-0.9, 1.7, -2.4)
(-0.9, 1.6, -2.5)
(-0.8, 1.7, -2.5)
(-0.8, 1.7, -2.5)
(-0.8, 1.7, -2.6)
(-0.7, 1.6, -2.7)
(-0.6, 1.6, -2.9)
(-0.4, 1.7, -3.2)
(-0.4, 1.7, -3.5)
(-0.3, 1.7, -4.0)
(-0.2, 1.7, -4.4)
(-0.2, 1.7, -4.9)
(-0.1, 1.7, -5.4)
(0.0, 1.7, -5.8)
(0.1, 1.7, -6.3)
(0.2, 1.7, -6.8)
(0.2, 1.7, -7.3)
(0.3, 1.7, -7.8)
(0.4, 1.7, -8.2)
(0.5, 1.7, -8.7)
(0.5, 1.7, -9.1)
25, 4
(0.6, 1.7, 2.5)
(0.5, 1.7, 2.5)
(0.5, 1.7, 2.9)
(0.3, 1.7, 3.1)
(0.0, 1.7, 3.5)
(-0.1, 1.7, 4.0)
(-0.4, 1.7, 4.4)
(-0.4, 1.7, 4.9)
(-0.4, 1.7, 5.4)
(-0.5, 1.7, 5.9)
(-0.5, 1.7, 6.4)
(-0.6, 1.7, 6.9)
(-0.7, 1.7, 7.3)
(-0.7, 1.7, 7.8)
(-0.7, 1.7, 8.2)
(-0.8, 1.7, 8.6)
(-0.8, 1.7, 9.0)
25, 5
(-0.9, 1.7, -2.6)
(-0.9, 1.7, -2.6)
(-0.8, 1.7, -2.8)
(-0.7, 1.7, -3.1)
(-0.4, 1.7, -3.3)
(-0.3, 1.7, -3.7)
(-0.2, 1.7, -4.2)
(0.0, 1.7, -4.6)
(0.1, 1.7, -5.1)
(0.2, 1.7, -5.6)
(0.3, 1.7, -6.1)
(0.3, 1.7, -6.6)
(0.4, 1.7, -7.1)
(0.4, 1.7, -7.6)
(0.5, 1.7, -8.0)
(0.6, 1.7, -8.5)
(0.5, 1.7, -8.9)
25, 6
(0.5, 1.7, 2.8)
(0.9, 1.7, 2.3)
(0.8, 1.7, 2.3)
(0.8, 1.7, 2.2)
(0.7, 1.7, 2.2)
(0.5, 1.7, 2.4)
(0.4, 1.7, 2.7)
(0.2, 1.7, 3.0)
(0.0, 1.7, 3.3)
(-0.1, 1.7, 3.7)
(-0.2, 1.7, 4.2)
(-0.3, 1.7, 4.6)
(-0.4, 1.7, 5.1)
(-0.5, 1.7, 5.6)
(-0.5, 1.7, 6.1)
(-0.5, 1.7, 6.6)
(-0.6, 1.7, 7.0)
(-0.6, 1.7, 7.5)
(-0.7, 1.7, 8.0)
(-0.7, 1.7, 8.4)
(-0.7, 1.7, 8.8)
26, 1
(-0.8, 1.7, -2.7)
(-0.9, 1.7, -2.5)
(-0.8, 1.7, -2.6)
(-0.7, 1.7, -2.9)
(-0.6, 1.6, -3.3)
(-0.4, 1.7, -3.6)
(-0.3, 1.7, -4.0)
(-0.1, 1.7, -4.4)
(0.0, 1.7, -4.9)
(0.0, 1.7, -5.5)
(0.0, 1.7, -6.0)
(0.1, 1.7, -6.5)
(0.2, 1.7, -7.0)
(0.3, 1.7, -7.4)
(0.4, 1.7, -7.9)
(0.4, 1.7, -8.4)
(0.5, 1.7, -8.8)
26, 2
(0.5, 1.7, 2.7)
(0.6, 1.7, 2.4)
(0.7, 1.7, 2.2)
(0.8, 1.7, 2.2)
(0.7, 1.7, 2.2)
(0.6, 1.7, 2.4)
(0.4, 1.7, 2.6)
(0.3, 1.7, 2.8)
(0.0, 1.7, 3.0)
(-0.1, 1.7, 3.3)
(-0.3, 1.7, 3.7)
(-0.4, 1.7, 4.1)
(-0.4, 1.7, 4.6)
(-0.5, 1.7, 5.1)
(-0.5, 1.7, 5.6)
(-0.5, 1.7, 6.0)
(-0.6, 1.7, 6.5)
(-0.6, 1.7, 7.0)
(-0.6, 1.7, 7.5)
(-0.7, 1.7, 8.0)
(-0.7, 1.7, 8.4)
(-0.8, 1.7, 8.8)
26, 3
(-0.9, 1.7, -2.8)
(-0.9, 1.7, -2.6)
(-0.9, 1.7, -2.7)
(-0.8, 1.7, -3.1)
(-0.7, 1.7, -3.3)
(-0.4, 1.7, -3.6)
(-0.3, 1.7, -4.0)
(-0.1, 1.7, -4.5)
(0.1, 1.7, -4.9)
(0.2, 1.7, -5.3)
(0.4, 1.7, -5.8)
(0.5, 1.7, -6.2)
(0.5, 1.7, -6.7)
(0.5, 1.7, -7.1)
(0.6, 1.7, -7.5)
(0.5, 1.7, -8.0)
(0.6, 1.7, -8.4)
(0.6, 1.7, -8.8)
26, 4
(0.6, 1.7, 2.8)
(0.5, 1.7, 2.5)
(0.6, 1.7, 2.3)
(0.6, 1.7, 2.5)
(0.5, 1.7, 2.8)
(0.3, 1.7, 3.1)
(0.1, 1.7, 3.4)
(-0.1, 1.7, 3.9)
(-0.3, 1.7, 4.3)
(-0.4, 1.7, 4.8)
(-0.5, 1.7, 5.3)
(-0.6, 1.7, 5.7)
(-0.6, 1.7, 6.2)
(-0.6, 1.7, 6.7)
(-0.7, 1.7, 7.2)
(-0.7, 1.7, 7.6)
(-0.7, 1.7, 8.1)
(-0.8, 1.7, 8.5)
(-0.8, 1.7, 9.0)
26, 5
(-0.9, 1.7, -2.6)
(-0.9, 1.7, -2.4)
(-0.8, 1.7, -2.6)
(-0.7, 1.7, -2.9)
(-0.4, 1.7, -3.2)
(-0.2, 1.7, -3.6)
(-0.1, 1.7, -4.0)
(0.2, 1.7, -4.4)
(0.2, 1.7, -4.8)
(0.3, 1.7, -5.3)
(0.4, 1.7, -5.8)
(0.4, 1.7, -6.2)
(0.5, 1.7, -6.7)
(0.5, 1.7, -7.1)
(0.6, 1.7, -7.6)
(0.7, 1.7, -8.1)
(0.7, 1.7, -8.5)
(0.7, 1.7, -9.0)
26, 6
(0.7, 1.7, 2.8)
(0.9, 1.7, 2.3)
(0.9, 1.7, 2.3)
(0.8, 1.7, 2.3)
(0.8, 1.7, 2.3)
(0.8, 1.7, 2.3)
(0.8, 1.7, 2.3)
(0.8, 1.7, 2.3)
(0.7, 1.7, 2.4)
(0.6, 1.7, 2.8)
(0.5, 1.7, 3.3)
(0.2, 1.7, 3.6)
(0.1, 1.7, 4.1)
(-0.2, 1.7, 4.5)
(-0.3, 1.7, 5.0)
(-0.4, 1.7, 5.5)
(-0.5, 1.7, 6.1)
(-0.6, 1.7, 6.6)
(-0.6, 1.7, 7.2)
(-0.7, 1.7, 7.7)
(-0.7, 1.7, 8.2)
(-0.8, 1.6, 8.6)
(-0.9, 1.7, 9.0)
27, 1
(-0.8, 1.7, -2.8)
(-0.8, 1.7, -3.0)
(-0.7, 1.7, -3.5)
(-0.4, 1.7, -3.8)
(-0.2, 1.7, -4.2)
(0.0, 1.7, -4.7)
(0.1, 1.7, -5.2)
(0.2, 1.7, -5.7)
(0.3, 1.7, -6.3)
(0.4, 1.7, -6.8)
(0.4, 1.7, -7.2)
(0.5, 1.7, -7.7)
(0.6, 1.7, -8.2)
(0.6, 1.7, -8.7)
27, 2
(0.7, 1.7, 2.8)
(0.7, 1.7, 2.4)
(0.7, 1.7, 2.2)
(0.7, 1.7, 2.2)
(0.6, 1.7, 2.5)
(0.5, 1.7, 2.8)
(0.2, 1.7, 3.1)
(0.1, 1.7, 3.6)
(0.0, 1.7, 4.0)
(-0.2, 1.7, 4.5)
(-0.2, 1.7, 5.0)
(-0.3, 1.7, 5.5)
(-0.3, 1.7, 6.0)
(-0.3, 1.7, 6.5)
(-0.4, 1.7, 7.0)
(-0.5, 1.7, 7.5)
(-0.6, 1.7, 8.0)
(-0.8, 1.7, 8.5)
(-0.8, 1.7, 8.9)
27, 3
(-0.9, 1.7, -2.6)
(-0.9, 1.7, -2.4)
(-0.9, 1.7, -2.6)
(-0.7, 1.7, -2.9)
(-0.5, 1.7, -3.2)
(-0.4, 1.7, -3.7)
(-0.3, 1.7, -4.2)
(-0.1, 1.7, -4.6)
(0.0, 1.7, -5.1)
(0.2, 1.7, -5.6)
(0.3, 1.7, -6.1)
(0.3, 1.7, -6.6)
(0.4, 1.7, -7.1)
(0.4, 1.7, -7.5)
(0.5, 1.7, -8.0)
(0.7, 1.7, -8.5)
(0.6, 1.7, -8.9)
27, 4
(0.6, 1.7, 2.7)
(0.6, 1.7, 2.4)
(0.5, 1.7, 2.4)
(0.5, 1.7, 2.8)
(0.3, 1.7, 3.1)
(0.1, 1.7, 3.5)
(0.0, 1.7, 4.0)
(-0.1, 1.7, 4.4)
(-0.2, 1.7, 4.9)
(-0.2, 1.7, 5.4)
(-0.3, 1.7, 5.9)
(-0.4, 1.7, 6.4)
(-0.4, 1.7, 6.8)
(-0.5, 1.7, 7.3)
(-0.5, 1.7, 7.8)
(-0.6, 1.7, 8.2)
(-0.7, 1.7, 8.6)
(-0.7, 1.7, 9.0)
27, 5
(-0.7, 1.7, -2.5)
(-0.7, 1.7, -2.4)
(-0.7, 1.7, -2.5)
(-0.6, 1.7, -2.8)
(-0.5, 1.7, -3.2)
(-0.4, 1.7, -3.6)
(-0.3, 1.7, -4.1)
(-0.2, 1.7, -4.5)
(-0.1, 1.7, -4.9)
(-0.1, 1.7, -5.4)
(0.1, 1.7, -5.9)
(0.1, 1.7, -6.4)
(0.1, 1.7, -6.9)
(0.2, 1.7, -7.3)
(0.2, 1.7, -7.8)
(0.4, 1.7, -8.2)
(0.5, 1.7, -8.6)
(0.5, 1.7, -9.1)
27, 6
(0.5, 1.7, 2.8)
(0.5, 1.7, 2.8)
(0.5, 1.7, 2.8)
(0.5, 1.7, 2.8)
(0.5, 1.6, 2.8)
(0.5, 1.7, 2.8)
(0.4, 1.7, 2.8)
(0.3, 1.7, 2.8)
(0.2, 1.5, 2.8)
(0.2, 1.3, 2.8)
(0.2, 1.3, 2.8)
(0.2, 1.2, 2.8)
(0.3, 1.2, 2.8)
(0.5, 1.2, 2.8)
(0.5, 1.2, 2.8)
(0.6, 1.3, 2.8)
(0.8, 1.3, 2.8)
(0.9, 1.3, 2.8)
(0.8, 1.3, 2.8)
(0.9, 1.3, 2.8)
(0.9, 1.3, 2.8)
(0.8, 1.3, 2.8)
(0.9, 1.3, 2.8)
(0.9, 1.3, 2.8)
(0.8, 1.2, 2.8)
(0.8, 1.3, 2.8)
(0.8, 1.3, 2.8)
(0.8, 1.3, 2.8)
(0.8, 1.3, 2.8)
(0.8, 1.3, 2.8)
(0.8, 1.3, 2.8)
(0.8, 1.3, 2.8)
(0.7, 1.3, 2.8)
(0.7, 1.3, 2.8)
(0.7, 1.3, 2.8)
(0.8, 1.2, 2.8)
(0.8, 1.2, 2.8)
(0.8, 1.2, 2.8)
(1.0, 1.2, 2.8)
(1.1, 1.2, 2.8)
(1.2, 1.2, 2.8)
(1.2, 1.2, 2.8)
(1.3, 1.2, 2.8)
(1.4, 1.2, 2.8)
(1.6, 1.2, 2.8)
(1.9, 1.1, 2.8)
(2.2, 1.2, 2.8)
(2.2, 1.2, 2.8)
(2.1, 1.2, 2.8)
(2.1, 1.2, 2.8)
(2.2, 1.1, 2.8)
(2.4, 1.0, 2.8)
(2.6, 1.0, 2.8)
(3.0, 1.0, 2.8)
(3.3, 1.0, 2.8)
(3.6, 1.0, 2.8)
(3.9, 0.9, 2.8)
(3.9, 0.9, 2.8)
(3.9, 0.9, 2.8)
(3.9, 0.9, 2.8)
(4.0, 0.9, 2.8)
(4.2, 0.9, 2.8)
(4.3, 0.8, 2.8)
(4.3, 0.8, 2.8)
(4.2, 0.9, 2.8)
(4.3, 1.1, 2.8)
(4.3, 1.1, 2.8)
(4.4, 0.9, 2.8)
(4.4, 0.8, 2.8)
(4.5, 0.8, 2.8)
(4.5, 0.7, 2.8)
(4.6, 0.7, 2.8)
(4.6, 0.7, 2.8)
(4.5, 0.8, 2.8)
(4.5, 0.8, 2.8)
(242.7, -1.7, 2.8)
(608.1, -7.8, 2.8)
(965.6, -16.2, 2.8)
(1323.0, -27.0, 2.8)
(1688.4, -40.7, 2.8)
(2053.8, -56.9, 2.8)
(2419.2, -75.6, 2.8)
(2776.7, -96.5, 2.8)
(3134.1, -119.8, 2.8)
(3499.5, -146.1, 2.8)
(3864.9, -175.0, 2.8)
(4230.3, -206.5, 2.8)
(4595.7, -240.5, 2.8)
(4961.1, -277.1, 2.8)
