(0.0, 1.8, -1.0)
(0.0, 1.8, -1.0)
(0.0, 1.8, -1.0)
(0.0, 1.8, -1.0)
(0.0, 1.8, -1.0)
(0.0, 1.8, -1.0)
(0.0, 1.8, -1.0)
(0.0, 1.8, -1.0)
(0.0, 1.8, -1.0)
(0.0, 1.8, -1.0)
(0.0, 1.8, -1.0)
(0.0, 1.8, -1.0)
(0.0, 1.8, -1.0)
(0.0, 1.8, -1.0)
(0.0, 1.8, -1.0)
(0.0, 1.8, -1.0)
(0.0, 1.8, -1.0)
(0.0, 1.8, -1.0)
(0.0, 1.8, -1.0)
(0.0, 1.8, -1.0)
(0.0, 1.8, -0.4)
(-0.6, 1.8, -0.1)
(0.5, 1.8, -0.4)
(0.5, 1.8, -0.6)
(0.2, 1.8, -0.3)
(0.2, 1.8, -0.7)
(0.2, 1.8, -0.7)
(0.2, 1.8, -0.7)
(0.2, 1.8, -0.7)
(0.2, 1.8, -0.7)
(0.2, 1.8, -0.7)
(0.2, 1.8, -0.7)
(0.2, 1.8, -0.7)
(0.2, 1.8, -0.7)
(0.2, 1.8, -0.2)
(0.1, 1.8, 1.2)
(0.1, 1.8, 2.5)
(0.1, 1.8, 3.9)
(-0.3, 1.8, 5.1)
(-0.2, 1.8, 6.1)
(-0.1, 1.8, 6.4)
(0.5, 1.8, 6.6)
(0.7, 1.8, 8.0)
(0.7, 1.8, 9.3)
0, 1
(0.0, 1.8, -0.9)
(0.0, 1.8, -0.9)
(0.0, 1.8, -0.8)
(0.1, 1.8, 0.3)
(-0.2, 1.8, 1.3)
(-0.7, 1.8, 2.1)
(-0.5, 1.8, 3.5)
(0.7, 1.8, 3.7)
(0.7, 1.8, 4.9)
(0.6, 1.8, 6.3)
(-0.2, 1.8, 7.2)
(-0.2, 1.8, 8.5)
0, 2
(0.0, 1.8, -1.1)
(0.1, 1.8, -0.5)
(0.1, 1.8, -0.5)
(0.0, 1.8, -0.4)
(-0.7, 1.8, -0.2)
(-0.6, 1.8, 0.9)
(-0.4, 1.8, 2.3)
(-0.2, 1.8, 3.6)
(0.6, 1.8, 4.6)
(0.7, 1.8, 5.7)
(0.1, 1.8, 6.7)
(-0.7, 1.8, 7.3)
(-0.6, 1.8, 8.7)
0, 3
(0.0, 1.8, -1.4)
(0.0, 1.8, -1.4)
(0.0, 1.8, -1.4)
(0.0, 1.8, -1.4)
(0.0, 1.8, -1.4)
(0.0, 1.8, -1.4)
(0.0, 1.8, -1.4)
(0.0, 1.8, -1.4)
(0.0, 1.8, -1.4)
(0.0, 1.8, -1.4)
(0.0, 1.8, -1.4)
(0.0, 1.8, -1.4)
(0.0, 1.8, -1.4)
(0.0, 1.8, -1.4)
(0.0, 1.8, -1.4)
(0.0, 1.8, -1.4)
(0.0, 1.8, -1.4)
(0.0, 1.8, -1.4)
(0.0, 1.8, -1.4)
(0.0, 1.8, -1.4)
(0.0, 1.8, -1.4)
(0.0, 1.8, -1.4)
(0.0, 1.8, -1.4)
(0.0, 1.8, -1.4)
(0.0, 1.8, -1.4)
(0.0, 1.8, -1.4)
(0.0, 1.8, -1.4)
(0.0, 1.8, -1.4)
(0.0, 1.8, -1.4)
(0.0, 1.8, -1.4)
(0.0, 1.8, -1.4)
(0.0, 1.8, -1.4)
(0.0, 1.8, -1.4)
(0.0, 1.8, -1.4)
(0.0, 1.8, -1.4)
(0.0, 1.8, -1.3)
(-0.1, 1.8, 0.0)
(-0.7, 1.8, 0.9)
(-0.7, 1.8, 2.2)
(-0.7, 1.8, 3.6)
(-0.7, 1.8, 5.0)
(-0.7, 1.8, 6.3)
(-0.7, 1.8, 7.7)
(-0.8, 1.8, 9.0)
0, 4
(-0.1, 1.8, -0.5)
(-0.2, 1.8, 0.2)
(-0.2, 1.8, 0.4)
(-0.2, 1.8, 1.7)
(-0.2, 1.8, 3.0)
(-0.2, 1.8, 4.4)
(-0.3, 1.8, 5.8)
(-0.3, 1.8, 7.1)
(-0.4, 1.8, 8.5)
0, 5
(0.0, 1.8, -1.1)
(-0.1, 1.8, 0.2)
(-0.1, 1.8, 0.4)
(-0.1, 1.8, 1.1)
(-0.1, 1.8, 1.4)
(-0.7, 1.8, 2.4)
(-0.7, 1.8, 3.4)
(-0.7, 1.8, 4.2)
(-0.7, 1.8, 4.2)
(-0.7, 1.8, 3.1)
(-0.7, 1.8, 2.1)
(-0.7, 1.8, 1.8)
(-0.7, 1.8, 2.5)
(-0.7, 1.8, 3.1)
(-0.7, 1.8, 3.0)
(-0.7, 1.8, 2.3)
(-0.7, 1.8, 2.0)
(-0.7, 1.8, 2.2)
(-0.7, 1.8, 2.3)
(-0.7, 1.8, 2.3)
(-0.7, 1.8, 2.8)
(-0.1, 1.8, 4.0)
(0.5, 1.8, 5.2)
(0.7, 1.8, 6.4)
(0.7, 1.8, 7.7)
(0.7, 1.8, 9.0)
0, 6
(0.3, 1.8, -0.6)
(0.7, 1.8, 0.7)
(0.7, 1.8, 1.9)
(0.7, 1.8, 3.3)
(0.7, 1.8, 4.6)
(0.7, 1.8, 6.0)
(0.7, 1.8, 7.3)
(0.7, 1.8, 8.7)
1, 1
(0.0, 1.8, -0.8)
(0.1, 1.8, 0.5)
(0.1, 1.8, 1.9)
(0.1, 1.8, 3.2)
(0.2, 1.8, 4.6)
(0.2, 1.8, 6.0)
(0.2, 1.8, 7.3)
(0.3, 1.8, 8.7)
1, 2
(0.0, 1.8, -0.9)
(0.1, 1.8, 0.5)
(0.1, 1.8, 0.8)
(0.1, 1.8, 1.2)
(0.0, 1.8, 2.6)
(-0.1, 1.8, 4.0)
(-0.1, 1.8, 4.4)
(-0.1, 1.8, 4.4)
(-0.1, 1.8, 4.3)
(0.0, 1.8, 3.1)
(0.1, 1.8, 2.3)
(0.0, 1.8, 2.9)
(-0.1, 1.8, 4.2)
(-0.3, 1.8, 5.1)
(-0.5, 1.8, 6.0)
(-0.7, 1.8, 7.2)
(-0.7, 1.8, 8.6)
1, 3
(-0.1, 1.8, -1.1)
(-0.2, 1.8, -1.0)
(-0.2, 1.8, -1.0)
(-0.2, 1.8, -1.0)
(-0.2, 1.8, -1.0)
(-0.2, 1.8, -1.0)
(-0.2, 1.8, -1.0)
(-0.2, 1.8, -1.0)
(-0.2, 1.8, -1.0)
(-0.2, 1.8, -1.0)
(-0.2, 1.8, -1.0)
(-0.1, 1.8, -0.7)
(-0.1, 1.8, -0.1)
(0.0, 1.8, 0.7)
(0.0, 1.8, 1.2)
(0.1, 1.8, 2.2)
(0.2, 1.8, 3.4)
(0.2, 1.8, 4.0)
(0.2, 1.8, 4.0)
(0.3, 1.8, 4.6)
(0.4, 1.8, 5.8)
(0.5, 1.8, 7.2)
(0.5, 1.8, 7.8)
(0.6, 1.8, 9.0)
1, 4
(0.1, 1.8, -0.6)
(0.1, 1.8, -0.3)
(0.1, 1.8, -0.3)
(0.1, 1.8, 0.2)
(0.2, 1.8, 1.2)
(0.3, 1.8, 2.4)
(0.4, 1.8, 3.7)
(0.5, 1.8, 5.0)
(0.6, 1.8, 6.4)
(0.7, 1.8, 7.7)
(0.7, 1.8, 9.1)
1, 5
(0.1, 1.8, -0.5)
(0.2, 1.8, 0.5)
(0.2, 1.8, 1.0)
(0.3, 1.8, 2.4)
(0.4, 1.8, 3.7)
(0.5, 1.8, 5.1)
(0.6, 1.8, 6.5)
(0.7, 1.8, 7.8)
(0.7, 1.8, 9.2)
1, 6
(0.0, 1.8, -1.4)
(0.0, 1.8, -1.4)
(0.0, 1.8, -1.0)
(0.1, 1.8, 0.3)
(0.2, 1.8, 1.7)
(0.4, 1.8, 3.0)
(0.5, 1.8, 4.4)
(0.6, 1.8, 5.7)
(0.7, 1.8, 7.1)
(0.7, 1.8, 8.5)
2, 1
(0.0, 1.8, -1.1)
(0.1, 1.8, 0.3)
(0.2, 1.8, 1.4)
(0.3, 1.8, 2.8)
(0.4, 1.8, 4.2)
(0.6, 1.8, 5.5)
(0.7, 1.8, 6.9)
(0.7, 1.8, 8.2)
2, 2
(0.0, 1.6, -1.3)
(0.1, 1.8, 0.1)
(0.2, 1.8, 1.4)
(0.3, 1.8, 2.8)
(0.4, 1.8, 4.2)
(0.6, 1.8, 5.5)
(0.7, 1.8, 6.9)
(0.7, 1.8, 8.2)
2, 3
(0.0, 1.4, -1.3)
(0.1, 1.8, 0.0)
(0.2, 1.8, 1.4)
(0.3, 1.8, 2.7)
(0.4, 1.8, 4.1)
(0.5, 1.8, 5.4)
(0.6, 1.8, 6.7)
(0.7, 1.8, 8.1)
2, 4
(0.0, 1.0, -1.4)
(0.1, 1.8, -0.1)
(0.2, 1.8, 1.3)
(0.3, 1.8, 2.6)
(0.4, 1.8, 4.0)
(0.5, 1.8, 5.4)
(0.6, 1.8, 6.7)
(0.7, 1.8, 8.0)
(0.7, 1.8, 9.4)
2, 5
(0.1, 1.8, -0.1)
(0.2, 1.8, 1.2)
(0.3, 1.8, 2.5)
(0.4, 1.8, 3.9)
(0.5, 1.8, 5.3)
(0.6, 1.8, 6.6)
(0.7, 1.8, 8.0)
(0.7, 1.8, 9.3)
2, 6
(0.1, 1.8, -0.2)
(0.2, 1.8, 1.2)
(0.3, 1.8, 2.5)
(0.4, 1.8, 3.9)
(0.5, 1.8, 5.2)
(0.6, 1.8, 6.6)
(0.7, 1.8, 7.9)
(0.7, 1.8, 9.3)
3, 1
(0.1, 1.8, -0.3)
(0.2, 1.8, 1.1)
(0.3, 1.8, 2.4)
(0.4, 1.8, 3.8)
(0.5, 1.8, 5.1)
(0.6, 1.8, 6.5)
(0.7, 1.8, 7.8)
(0.7, 1.8, 9.2)
3, 2
(0.1, 1.8, -0.3)
(0.2, 1.8, 1.0)
(0.3, 1.8, 2.4)
(0.4, 1.8, 3.7)
(0.5, 1.8, 5.1)
(0.6, 1.8, 6.4)
(0.7, 1.8, 7.7)
(0.7, 1.8, 9.1)
3, 3
(0.1, 1.8, -0.5)
(0.2, 1.8, 0.9)
(0.3, 1.8, 2.2)
(0.4, 1.8, 3.6)
(0.5, 1.8, 4.9)
(0.6, 1.8, 6.3)
(0.7, 1.8, 7.6)
(0.7, 1.8, 9.0)
3, 4
(0.1, 1.8, -0.5)
(0.2, 1.8, 0.8)
(0.3, 1.8, 2.2)
(0.4, 1.8, 3.5)
(0.5, 1.8, 4.9)
(0.6, 1.8, 6.3)
(0.7, 1.8, 7.6)
(0.7, 1.8, 9.0)
3, 5
(0.1, 1.8, -0.6)
(0.2, 1.8, 0.8)
(0.3, 1.8, 2.2)
(0.4, 1.8, 3.5)
(0.5, 1.8, 4.9)
(0.6, 1.8, 6.2)
(0.7, 1.8, 7.6)
(0.7, 1.8, 9.0)
3, 6
(0.1, 1.8, -0.6)
(0.2, 1.8, 0.8)
(0.3, 1.8, 2.1)
(0.4, 1.8, 3.5)
(0.5, 1.8, 4.8)
(0.6, 1.8, 6.2)
(0.7, 1.8, 7.5)
(0.7, 1.8, 8.9)
4, 1
(0.1, 1.8, -0.6)
(0.2, 1.8, 0.7)
(0.3, 1.8, 2.1)
(0.4, 1.8, 3.4)
(0.5, 1.8, 4.8)
(0.6, 1.8, 6.2)
(0.7, 1.8, 7.5)
(0.7, 1.8, 8.9)
4, 2
(0.1, 1.8, -0.7)
(0.2, 1.8, 0.7)
(0.3, 1.8, 2.1)
(0.4, 1.8, 3.4)
(0.5, 1.8, 4.8)
(0.6, 1.8, 6.1)
(0.7, 1.8, 7.5)
(0.7, 1.8, 8.9)
4, 3
(0.1, 1.8, -0.7)
(0.2, 1.8, 0.7)
(0.3, 1.8, 2.0)
(0.4, 1.8, 3.4)
(0.5, 1.8, 4.8)
(0.6, 1.8, 6.1)
(0.7, 1.8, 7.5)
(0.7, 1.8, 8.8)
4, 4
(0.1, 1.8, -0.7)
(0.2, 1.8, 0.6)
(0.3, 1.8, 2.0)
(0.4, 1.8, 3.3)
(0.5, 1.8, 4.7)
(0.6, 1.8, 6.0)
(0.7, 1.8, 7.3)
(0.7, 1.8, 8.7)
4, 5
(0.0, 1.8, -0.9)
(0.2, 1.8, 0.5)
(0.3, 1.8, 1.8)
(0.4, 1.8, 3.2)
(0.5, 1.8, 4.5)
(0.6, 1.8, 5.9)
(0.7, 1.8, 7.2)
(0.7, 1.8, 8.6)
4, 6
(0.1, 1.8, -0.5)
(0.2, 1.8, 0.8)
(0.3, 1.8, 2.2)
(0.4, 1.8, 3.5)
(0.5, 1.8, 4.9)
(0.6, 1.8, 6.3)
(0.7, 1.8, 7.6)
(0.7, 1.8, 8.9)
5, 1
(0.1, 1.8, -0.6)
(0.2, 1.8, 0.7)
(0.3, 1.8, 2.1)
(0.4, 1.8, 3.4)
(0.5, 1.8, 4.8)
(0.6, 1.8, 6.1)
(0.7, 1.8, 7.5)
(0.7, 1.8, 8.9)
5, 2
(0.1, 1.8, -0.7)
(0.2, 1.8, 0.6)
(0.3, 1.8, 2.0)
(0.4, 1.8, 3.3)
(0.5, 1.8, 4.7)
(0.6, 1.8, 6.0)
(0.7, 1.8, 7.4)
(0.7, 1.8, 8.8)
5, 3
(0.1, 1.8, -0.8)
(0.2, 1.8, 0.6)
(0.3, 1.8, 1.9)
(0.4, 1.8, 3.3)
(0.5, 1.8, 4.7)
(0.6, 1.8, 6.0)
(0.7, 1.8, 7.3)
(0.7, 1.8, 8.7)
5, 4
(0.0, 1.8, -0.9)
(0.2, 1.8, 0.5)
(0.3, 1.8, 1.8)
(0.4, 1.8, 3.2)
(0.5, 1.8, 4.6)
(0.6, 1.8, 5.9)
(0.7, 1.8, 7.3)
(0.7, 1.8, 8.6)
5, 5
(0.0, 1.8, -0.9)
(0.2, 1.8, 0.5)
(0.3, 1.8, 1.8)
(0.4, 1.8, 3.2)
(0.5, 1.8, 4.5)
(0.6, 1.8, 5.9)
(0.7, 1.8, 7.2)
(0.7, 1.8, 8.5)
5, 6
(0.1, 1.8, -0.6)
(0.2, 1.8, 0.8)
(0.3, 1.8, 2.2)
(0.4, 1.8, 3.5)
(0.5, 1.8, 4.8)
(0.6, 1.8, 6.2)
(0.7, 1.8, 7.5)
(0.7, 1.8, 8.9)
6, 1
(0.1, 1.8, -0.6)
(0.2, 1.8, 0.7)
(0.3, 1.8, 2.0)
(0.4, 1.8, 3.4)
(0.5, 1.8, 4.8)
(0.6, 1.8, 6.1)
(0.7, 1.8, 7.5)
(0.7, 1.8, 8.8)
6, 2
(0.1, 1.8, -0.7)
(0.2, 1.8, 0.7)
(0.3, 1.8, 2.0)
(0.4, 1.8, 3.4)
(0.5, 1.8, 4.7)
(0.6, 1.8, 6.1)
(0.7, 1.8, 7.5)
(0.7, 1.8, 8.8)
6, 3
(0.1, 1.8, -0.8)
(0.2, 1.8, 0.6)
(0.3, 1.8, 2.0)
(0.4, 1.8, 3.3)
(0.5, 1.8, 4.7)
(0.6, 1.8, 6.0)
(0.7, 1.8, 7.4)
(0.7, 1.8, 8.7)
6, 4
(0.1, 1.8, -0.8)
(0.2, 1.8, 0.5)
(0.3, 1.8, 1.9)
(0.4, 1.8, 3.3)
(0.5, 1.8, 4.6)
(0.6, 1.8, 6.0)
(0.7, 1.8, 7.3)
(0.7, 1.8, 8.7)
6, 5
(0.1, 1.8, -0.8)
(0.2, 1.8, 0.5)
(0.3, 1.8, 1.9)
(0.4, 1.8, 3.2)
(0.5, 1.8, 4.6)
(0.6, 1.8, 6.0)
(0.7, 1.8, 7.3)
(0.7, 1.8, 8.7)
6, 6
(0.1, 1.8, -0.8)
(0.2, 1.8, 0.5)
(0.3, 1.8, 1.8)
(0.4, 1.8, 3.2)
(0.5, 1.8, 4.5)
(0.6, 1.8, 5.9)
(0.7, 1.8, 7.3)
(0.7, 1.8, 8.6)
7, 1
(0.0, 1.8, -1.0)
(0.1, 1.8, 0.4)
(0.3, 1.8, 1.7)
(0.4, 1.8, 3.1)
(0.5, 1.8, 4.4)
(0.6, 1.8, 5.8)
(0.7, 1.8, 7.2)
(0.7, 1.8, 8.5)
7, 2
(0.0, 1.8, -1.0)
(0.1, 1.8, 0.3)
(0.3, 1.8, 1.7)
(0.4, 1.8, 3.1)
(0.5, 1.8, 4.4)
(0.6, 1.8, 5.8)
(0.7, 1.8, 7.1)
(0.7, 1.8, 8.5)
7, 3
(0.0, 1.8, -1.0)
(0.1, 1.8, 0.3)
(0.3, 1.8, 1.7)
(0.4, 1.8, 3.0)
(0.5, 1.8, 4.4)
(0.6, 1.8, 5.8)
(0.7, 1.8, 7.1)
(0.7, 1.8, 8.5)
7, 4
(0.0, 1.8, -1.1)
(0.1, 1.8, 0.3)
(0.2, 1.8, 1.7)
(0.4, 1.8, 3.0)
(0.5, 1.8, 4.4)
(0.6, 1.8, 5.7)
(0.7, 1.8, 7.1)
(0.7, 1.8, 8.5)
7, 5
(0.0, 1.8, -1.1)
(0.1, 1.8, 0.2)
(0.2, 1.8, 1.6)
(0.4, 1.8, 3.0)
(0.5, 1.8, 4.3)
(0.6, 1.8, 5.7)
(0.7, 1.8, 7.0)
(0.7, 1.8, 8.4)
7, 6
(0.1, 1.8, -0.6)
(0.2, 1.8, 0.8)
(0.3, 1.8, 2.2)
(0.4, 1.8, 3.5)
(0.5, 1.8, 4.8)
(0.6, 1.8, 6.2)
(0.7, 1.8, 7.6)
(0.7, 1.8, 8.9)
8, 1
(0.1, 1.8, -0.6)
(0.2, 1.8, 0.7)
(0.3, 1.8, 2.1)
(0.4, 1.8, 3.5)
(0.5, 1.8, 4.8)
(0.6, 1.8, 6.2)
(0.7, 1.8, 7.5)
(0.7, 1.8, 8.9)
8, 2
(0.1, 1.8, -0.7)
(0.2, 1.8, 0.7)
(0.3, 1.8, 2.0)
(0.4, 1.8, 3.4)
(0.5, 1.8, 4.8)
(0.6, 1.8, 6.1)
(0.7, 1.8, 7.4)
(0.7, 1.8, 8.8)
8, 3
(0.1, 1.8, -0.7)
(0.2, 1.8, 0.6)
(0.3, 1.8, 2.0)
(0.4, 1.8, 3.3)
(0.5, 1.8, 4.7)
(0.6, 1.8, 6.1)
(0.7, 1.8, 7.4)
(0.7, 1.8, 8.8)
8, 4
(0.1, 1.8, -0.8)
(0.2, 1.8, 0.6)
(0.3, 1.8, 2.0)
(0.4, 1.8, 3.3)
(0.5, 1.8, 4.7)
(0.6, 1.8, 6.0)
(0.7, 1.8, 7.4)
(0.7, 1.8, 8.8)
8, 5
(0.1, 1.8, -0.8)
(0.2, 1.8, 0.6)
(0.3, 1.8, 1.9)
(0.4, 1.8, 3.3)
(0.5, 1.8, 4.6)
(0.6, 1.8, 5.9)
(0.7, 1.8, 7.2)
(0.7, 1.8, 8.6)
8, 6
(0.1, 1.8, -0.5)
(0.2, 1.8, 0.8)
(0.3, 1.8, 2.2)
(0.4, 1.8, 3.5)
(0.5, 1.8, 4.9)
(0.6, 1.8, 6.3)
(0.7, 1.8, 7.6)
(0.7, 1.8, 9.0)
9, 1
(0.1, 1.8, -0.6)
(0.2, 1.8, 0.8)
(0.3, 1.8, 2.1)
(0.4, 1.8, 3.5)
(0.5, 1.8, 4.8)
(0.6, 1.8, 6.2)
(0.7, 1.8, 7.6)
(0.7, 1.8, 8.9)
9, 2
(0.1, 1.8, -0.7)
(0.2, 1.8, 0.7)
(0.3, 1.8, 2.1)
(0.4, 1.8, 3.4)
(0.5, 1.8, 4.8)
(0.6, 1.8, 6.1)
(0.7, 1.8, 7.5)
(0.7, 1.8, 8.9)
9, 3
(0.1, 1.8, -0.7)
(0.2, 1.8, 0.7)
(0.3, 1.8, 2.0)
(0.4, 1.8, 3.4)
(0.5, 1.8, 4.7)
(0.6, 1.8, 6.1)
(0.7, 1.8, 7.4)
(0.7, 1.8, 8.8)
9, 4
(0.1, 1.8, -0.7)
(0.2, 1.8, 0.6)
(0.3, 1.8, 1.9)
(0.4, 1.8, 3.3)
(0.5, 1.8, 4.7)
(0.6, 1.8, 6.0)
(0.7, 1.8, 7.4)
(0.7, 1.8, 8.7)
9, 5
(0.1, 1.8, -0.8)
(0.2, 1.8, 0.5)
(0.3, 1.8, 1.9)
(0.4, 1.8, 3.2)
(0.5, 1.8, 4.6)
(0.6, 1.8, 5.9)
(0.7, 1.8, 7.3)
(0.7, 1.8, 8.6)
9, 6
(0.0, 1.8, -0.9)
(0.2, 1.8, 0.4)
(0.3, 1.8, 1.8)
(0.4, 1.8, 3.1)
(0.5, 1.8, 4.5)
(0.6, 1.8, 5.8)
(0.7, 1.8, 7.2)
(0.7, 1.8, 8.5)
10, 1
(0.0, 1.8, -1.1)
(0.1, 1.8, 0.3)
(0.2, 1.8, 1.6)
(0.4, 1.8, 3.0)
(0.5, 1.8, 4.3)
(0.6, 1.8, 5.7)
(0.7, 1.8, 7.1)
(0.7, 1.8, 8.4)
10, 2
(0.0, 1.8, -1.1)
(0.1, 1.8, 0.2)
(0.2, 1.8, 1.6)
(0.4, 1.8, 3.0)
(0.5, 1.8, 4.3)
(0.6, 1.8, 5.7)
(0.7, 1.8, 7.0)
(0.7, 1.8, 8.4)
10, 3
(0.0, 1.8, -1.1)
(0.1, 1.8, 0.2)
(0.2, 1.8, 1.6)
(0.3, 1.8, 2.9)
(0.5, 1.8, 4.3)
(0.6, 1.8, 5.7)
(0.7, 1.8, 7.0)
(0.7, 1.8, 8.3)
10, 4
(0.0, 1.8, -1.2)
(0.1, 1.8, 0.2)
(0.2, 1.8, 1.5)
(0.3, 1.8, 2.9)
(0.5, 1.8, 4.2)
(0.6, 1.8, 5.6)
(0.7, 1.8, 7.0)
(0.7, 1.8, 8.3)
10, 5
(0.0, 1.8, -1.2)
(0.1, 1.8, 0.1)
(0.2, 1.8, 1.5)
(0.3, 1.8, 2.9)
(0.4, 1.8, 4.2)
(0.6, 1.8, 5.5)
(0.7, 1.8, 6.9)
(0.7, 1.8, 8.3)
10, 6
(0.0, 1.8, -1.5)
(0.0, 1.8, -1.5)
(-0.2, 1.8, -1.3)
(-0.7, 1.8, -0.5)
(-0.7, 1.8, 0.2)
(-0.6, 1.8, 1.2)
(-0.4, 1.8, 2.6)
(-0.3, 1.8, 3.9)
(-0.1, 1.8, 5.3)
(0.1, 1.8, 6.6)
(0.2, 1.8, 8.0)
(0.4, 1.8, 9.3)
11, 1
(0.1, 1.8, -0.2)
(0.3, 1.8, 1.1)
(0.5, 1.8, 2.5)
(0.6, 1.8, 3.7)
(0.7, 1.8, 4.2)
(0.7, 1.8, 5.6)
(0.7, 1.8, 6.9)
(0.7, 1.8, 8.3)
11, 2
(0.0, 1.6, -1.2)
(0.2, 1.8, 0.1)
(0.3, 1.8, 1.4)
(0.5, 1.8, 2.8)
(0.7, 1.8, 4.1)
(0.7, 1.8, 5.5)
(0.7, 1.8, 6.8)
(0.7, 1.8, 8.2)
11, 3
(0.0, 1.2, -1.4)
(0.2, 1.8, 0.0)
(0.3, 1.8, 1.3)
(0.5, 1.8, 2.7)
(0.7, 1.8, 4.1)
(0.7, 1.8, 5.4)
(0.7, 1.8, 6.7)
(0.7, 1.8, 8.1)
(0.7, 1.8, 9.4)
11, 4
(0.2, 1.8, -0.1)
(0.3, 1.8, 1.2)
(0.5, 1.8, 2.6)
(0.6, 1.8, 3.9)
(0.7, 1.8, 5.3)
(0.7, 1.8, 6.7)
(0.7, 1.8, 8.0)
(0.7, 1.8, 9.3)
11, 5
(0.2, 1.8, -0.2)
(0.3, 1.8, 1.2)
(0.5, 1.8, 2.5)
(0.6, 1.8, 3.9)
(0.7, 1.8, 5.2)
(0.7, 1.8, 6.6)
(0.7, 1.8, 7.9)
(0.7, 1.8, 9.3)
11, 6
(0.0, 1.8, -1.4)
(0.0, 1.8, -1.4)
(0.0, 1.8, -1.4)
(0.0, 1.8, -1.4)
(0.2, 1.8, -1.1)
(0.7, 1.8, 0.1)
(0.7, 1.8, 1.4)
(0.7, 1.8, 2.6)
(0.7, 1.8, 3.9)
(0.7, 1.8, 5.2)
(0.7, 1.8, 6.4)
(0.7, 1.8, 7.6)
(0.7, 1.8, 8.8)
12, 1
(0.3, 1.8, -0.9)
(0.7, 1.8, 0.3)
(0.7, 1.8, 1.6)
(0.7, 1.8, 2.8)
(0.7, 1.8, 4.1)
(0.7, 1.8, 5.3)
(0.7, 1.8, 6.6)
(0.7, 1.8, 7.8)
(0.7, 1.8, 9.0)
12, 2
(0.4, 1.8, -0.7)
(0.7, 1.8, 0.6)
(0.7, 1.8, 1.7)
(0.7, 1.8, 3.0)
(0.7, 1.8, 4.3)
(0.7, 1.8, 5.5)
(0.7, 1.8, 6.7)
(0.7, 1.8, 7.9)
(0.7, 1.8, 9.1)
12, 3
(0.5, 1.8, -0.5)
(0.7, 1.8, 0.7)
(0.7, 1.8, 1.5)
(0.7, 1.8, 2.6)
(0.7, 1.8, 3.7)
(0.7, 1.8, 4.8)
(0.7, 1.8, 5.9)
(0.7, 1.8, 7.0)
(0.7, 1.8, 8.1)
(0.7, 1.8, 9.1)
12, 4
(0.6, 1.8, -0.7)
(0.7, 1.8, 0.4)
(0.7, 1.8, 1.5)
(0.7, 1.8, 2.6)
(0.7, 1.8, 3.7)
(0.7, 1.8, 4.8)
(0.7, 1.8, 5.9)
(0.7, 1.8, 7.0)
(0.7, 1.8, 8.1)
(0.7, 1.8, 9.2)
12, 5
(0.7, 1.8, -0.6)
(0.7, 1.8, 0.5)
(0.7, 1.8, 1.6)
(0.7, 1.8, 2.7)
(0.7, 1.8, 3.7)
(0.7, 1.8, 4.8)
(0.7, 1.8, 5.9)
(0.7, 1.8, 7.0)
(0.7, 1.8, 8.1)
(0.7, 1.8, 9.2)
12, 6
(0.6, 1.8, -0.7)
(0.7, 1.8, 0.4)
(0.7, 1.8, 1.5)
(0.7, 1.8, 2.6)
(0.7, 1.8, 3.6)
(0.7, 1.8, 4.7)
(0.7, 1.8, 5.8)
(0.7, 1.8, 6.9)
(0.7, 1.8, 8.0)
(0.7, 1.8, 9.1)
13, 1
(0.6, 1.8, -0.7)
(0.7, 1.8, 0.4)
(0.7, 1.8, 1.4)
(0.7, 1.8, 2.5)
(0.7, 1.8, 3.6)
(0.7, 1.8, 4.7)
(0.7, 1.8, 5.8)
(0.7, 1.8, 6.9)
(0.7, 1.8, 8.0)
(0.7, 1.8, 9.1)
13, 2
(0.6, 1.8, -0.7)
(0.7, 1.8, 0.4)
(0.7, 1.8, 1.5)
(0.7, 1.8, 2.5)
(0.7, 1.8, 3.6)
(0.7, 1.8, 4.7)
(0.7, 1.8, 5.8)
(0.7, 1.8, 6.9)
(0.7, 1.8, 8.0)
(0.7, 1.8, 9.0)
13, 3
(0.5, 1.8, -0.8)
(0.7, 1.8, 0.3)
(0.7, 1.8, 1.4)
(0.7, 1.8, 2.5)
(0.7, 1.8, 3.6)
(0.7, 1.8, 4.7)
(0.7, 1.8, 5.7)
(0.7, 1.8, 6.8)
(0.7, 1.8, 7.9)
(0.7, 1.8, 9.0)
13, 4
(0.5, 1.8, -0.8)
(0.7, 1.8, 0.3)
(0.7, 1.8, 1.4)
(0.7, 1.8, 2.5)
(0.7, 1.8, 3.5)
(0.7, 1.8, 4.6)
(0.7, 1.8, 5.7)
(0.7, 1.8, 6.8)
(0.7, 1.8, 7.9)
(0.7, 1.8, 9.0)
13, 5
(0.5, 1.8, -0.8)
(0.7, 1.8, 0.3)
(0.7, 1.8, 1.3)
(0.7, 1.8, 2.4)
(0.7, 1.8, 3.5)
(0.7, 1.8, 4.6)
(0.7, 1.8, 5.7)
(0.7, 1.8, 6.8)
(0.7, 1.8, 7.9)
(0.7, 1.8, 9.0)
13, 6
(0.6, 1.8, -0.8)
(0.7, 1.8, 0.3)
(0.7, 1.8, 1.4)
(0.7, 1.8, 2.4)
(0.7, 1.8, 3.5)
(0.7, 1.8, 4.6)
(0.7, 1.8, 5.7)
(0.7, 1.8, 6.8)
(0.7, 1.8, 7.9)
(0.7, 1.8, 9.0)
14, 1
(0.5, 1.8, -0.8)
(0.7, 1.8, 0.2)
(0.7, 1.8, 1.3)
(0.7, 1.8, 2.4)
(0.7, 1.8, 3.5)
(0.7, 1.8, 4.6)
(0.7, 1.8, 5.7)
(0.7, 1.8, 6.8)
(0.7, 1.8, 7.9)
(0.7, 1.8, 9.0)
14, 2
(0.5, 1.8, -0.8)
(0.7, 1.8, 0.2)
(0.7, 1.8, 1.1)
(0.7, 1.8, 2.2)
(0.7, 1.8, 3.3)
(0.7, 1.8, 4.4)
(0.7, 1.8, 5.5)
(0.7, 1.8, 6.5)
(0.7, 1.8, 7.6)
(0.7, 1.8, 8.7)
14, 3
(0.3, 1.8, -1.1)
(0.7, 1.8, -0.1)
(0.7, 1.8, 0.3)
(0.7, 1.8, 1.4)
(0.7, 1.8, 2.5)
(0.7, 1.8, 3.6)
(0.7, 1.8, 4.7)
(0.7, 1.8, 5.7)
(0.7, 1.8, 6.8)
(0.7, 1.8, 7.9)
(0.7, 1.8, 9.0)
14, 4
(0.5, 1.8, -0.8)
(0.7, 1.8, 0.3)
(0.7, 1.8, 1.3)
(0.7, 1.8, 2.4)
(0.7, 1.8, 3.5)
(0.7, 1.8, 4.5)
(0.7, 1.8, 5.6)
(0.7, 1.8, 6.7)
(0.7, 1.8, 7.8)
(0.7, 1.8, 8.9)
14, 5
(0.4, 1.8, -0.9)
(0.7, 1.8, 0.2)
(0.7, 1.8, 1.3)
(0.7, 1.8, 2.3)
(0.7, 1.8, 3.4)
(0.7, 1.8, 4.5)
(0.7, 1.8, 5.6)
(0.7, 1.8, 6.7)
(0.7, 1.8, 7.8)
(0.7, 1.8, 8.9)
14, 6
(0.0, 1.8, -1.5)
(0.0, 1.8, -1.4)
(0.7, 1.8, -0.6)
(0.7, 1.8, 0.5)
(0.7, 1.8, 1.6)
(0.7, 1.8, 2.7)
(0.7, 1.8, 3.8)
(0.7, 1.8, 4.9)
(0.7, 1.8, 6.0)
(0.7, 1.8, 7.1)
(0.7, 1.8, 8.2)
(0.7, 1.8, 9.3)
15, 1
(0.7, 1.8, -0.5)
(0.7, 1.8, 0.6)
(0.7, 1.8, 1.7)
(0.7, 1.8, 2.7)
(0.7, 1.8, 3.9)
(0.7, 1.8, 4.9)
(0.7, 1.8, 6.0)
(0.7, 1.8, 7.1)
(0.7, 1.8, 8.2)
(0.7, 1.8, 9.3)
15, 2
(0.7, 1.8, -0.5)
(0.7, 1.8, 0.6)
(0.7, 1.8, 1.7)
(0.7, 1.8, 2.8)
(0.7, 1.8, 3.9)
(0.7, 1.8, 5.0)
(0.7, 1.8, 6.1)
(0.7, 1.8, 7.2)
(0.7, 1.8, 8.3)
(0.7, 1.8, 9.4)
15, 3
(0.7, 1.8, -0.5)
(0.7, 1.8, 0.6)
(0.7, 1.8, 1.7)
(0.7, 1.8, 2.8)
(0.7, 1.8, 4.0)
(0.7, 1.8, 5.1)
(0.7, 1.8, 6.2)
(0.7, 1.8, 7.3)
(0.7, 1.8, 8.3)
15, 4
(0.0, 1.0, -1.4)
(0.7, 1.8, -0.4)
(0.7, 1.8, 0.7)
(0.7, 1.8, 1.8)
(0.7, 1.8, 2.9)
(0.7, 1.8, 4.0)
(0.7, 1.8, 5.2)
(0.7, 1.8, 6.3)
(0.7, 1.8, 7.3)
(0.7, 1.8, 8.4)
15, 5
(0.1, 1.4, -1.4)
(0.7, 1.8, -0.3)
(0.7, 1.8, 0.8)
(0.7, 1.8, 1.9)
(0.7, 1.8, 3.0)
(0.7, 1.8, 4.1)
(0.7, 1.8, 5.2)
(0.7, 1.8, 6.2)
(0.7, 1.8, 7.3)
(0.7, 1.8, 8.4)
15, 6
(0.6, 1.8, -0.8)
(0.7, 1.8, 0.3)
(0.7, 1.8, 1.4)
(0.7, 1.8, 2.5)
(0.7, 1.8, 3.6)
(0.7, 1.8, 4.7)
(0.7, 1.8, 5.7)
(0.7, 1.8, 6.8)
(0.7, 1.8, 7.9)
(0.7, 1.8, 9.0)
16, 1
(0.5, 1.8, -0.8)
(0.7, 1.8, 0.3)
(0.7, 1.8, 1.4)
(0.7, 1.8, 2.5)
(0.7, 1.8, 3.5)
(0.7, 1.8, 4.6)
(0.7, 1.8, 5.7)
(0.7, 1.8, 6.8)
(0.7, 1.8, 7.9)
(0.7, 1.8, 9.0)
16, 2
(0.5, 1.8, -0.8)
(0.7, 1.8, 0.3)
(0.7, 1.8, 1.3)
(0.7, 1.8, 2.4)
(0.7, 1.8, 3.5)
(0.7, 1.8, 4.6)
(0.7, 1.8, 5.7)
(0.7, 1.8, 6.8)
(0.7, 1.8, 7.9)
(0.7, 1.8, 9.0)
16, 3
(0.5, 1.8, -0.9)
(0.7, 1.8, 0.2)
(0.7, 1.8, 1.3)
(0.7, 1.8, 2.3)
(0.7, 1.8, 3.5)
(0.7, 1.8, 4.7)
(0.7, 1.8, 5.8)
(0.7, 1.8, 6.8)
(0.7, 1.8, 7.9)
(0.7, 1.8, 9.0)
16, 4
(0.5, 1.8, -0.8)
(0.7, 1.8, 0.3)
(0.7, 1.8, 1.4)
(0.7, 1.8, 2.5)
(0.7, 1.8, 3.6)
(0.7, 1.8, 4.6)
(0.7, 1.8, 5.7)
(0.7, 1.8, 7.0)
(0.7, 1.8, 7.5)
(0.6, 1.8, 8.8)
16, 5
(0.2, 1.8, -0.9)
(0.7, 1.8, -0.5)
(0.7, 1.8, 0.6)
(0.6, 1.8, 1.9)
(0.4, 1.8, 3.3)
(0.2, 1.8, 4.6)
(0.0, 1.8, 6.0)
(0.4, 1.8, 7.2)
(0.7, 1.8, 8.3)
(0.7, 1.8, 9.4)
16, 6
(0.7, 1.8, -0.4)
(0.7, 1.8, 0.7)
(0.7, 1.8, 1.8)
(0.7, 1.8, 2.9)
(0.7, 1.8, 3.9)
(0.7, 1.8, 5.0)
(0.7, 1.8, 6.1)
(0.7, 1.8, 7.2)
(0.7, 1.8, 8.3)
(0.7, 1.8, 9.4)
17, 1
(0.7, 1.8, -0.4)
(0.7, 1.8, 0.7)
(0.7, 1.8, 1.7)
(0.7, 1.8, 2.8)
(0.7, 1.8, 3.9)
(0.7, 1.8, 5.0)
(0.7, 1.8, 6.1)
(0.7, 1.8, 7.2)
(0.7, 1.8, 8.3)
(0.7, 1.8, 9.4)
17, 2
(0.7, 1.8, -0.4)
(0.7, 1.8, 0.7)
(0.7, 1.8, 1.8)
(0.7, 1.8, 2.8)
(0.7, 1.8, 3.9)
(0.7, 1.8, 5.0)
(0.7, 1.8, 6.1)
(0.7, 1.8, 7.2)
(0.7, 1.8, 8.3)
(0.7, 1.8, 9.4)
17, 3
(0.7, 1.8, -0.4)
(0.7, 1.8, 0.7)
(0.7, 1.8, 1.8)
(0.7, 1.8, 2.9)
(0.7, 1.8, 3.9)
(0.7, 1.8, 5.0)
(0.7, 1.8, 6.1)
(0.7, 1.8, 7.2)
(0.7, 1.8, 8.3)
(0.7, 1.8, 9.4)
17, 4
(0.7, 1.8, -0.4)
(0.7, 1.8, 0.7)
(0.7, 1.8, 1.7)
(0.7, 1.8, 2.8)
(0.7, 1.8, 3.9)
(0.7, 1.8, 5.0)
(0.7, 1.8, 6.1)
(0.7, 1.8, 7.2)
(0.7, 1.8, 8.3)
(0.7, 1.8, 9.4)
17, 5
(0.7, 1.8, -0.4)
(0.7, 1.8, 0.7)
(0.7, 1.8, 1.8)
(0.7, 1.8, 2.8)
(0.7, 1.8, 3.9)
(0.7, 1.8, 5.0)
(0.7, 1.8, 6.1)
(0.7, 1.8, 7.2)
(0.7, 1.8, 8.3)
(0.7, 1.8, 9.4)
17, 6
(0.0, 1.8, -1.5)
(0.0, 1.8, -1.5)
(0.0, 1.8, -1.5)
(0.0, 1.8, -1.5)
(0.0, 1.8, -1.5)
(0.0, 1.8, -1.5)
(0.0, 1.8, -1.5)
(0.0, 1.8, -1.5)
(0.0, 1.8, -1.5)
(0.0, 1.8, -1.5)
(0.0, 1.8, -1.5)
(0.0, 1.8, -1.5)
(0.0, 1.8, -1.4)
(0.7, 1.8, -0.6)
(0.7, 1.8, 0.5)
(0.7, 1.8, 1.6)
(0.7, 1.8, 2.7)
(0.7, 1.8, 3.8)
(0.7, 1.8, 4.9)
(0.7, 1.8, 6.0)
(0.7, 1.8, 7.1)
(0.7, 1.8, 8.1)
(0.7, 1.8, 9.2)
18, 1
(0.7, 1.8, -0.6)
(0.7, 1.8, 0.5)
(0.7, 1.8, 1.6)
(0.7, 1.8, 2.8)
(0.7, 1.8, 3.9)
(0.7, 1.8, 5.0)
(0.7, 1.8, 6.1)
(0.7, 1.8, 7.1)
(0.7, 1.8, 8.2)
(0.7, 1.8, 9.3)
18, 2
(0.7, 1.8, -0.5)
(0.7, 1.8, 0.6)
(0.7, 1.8, 1.7)
(0.7, 1.8, 2.8)
(0.7, 1.8, 3.9)
(0.7, 1.8, 5.0)
(0.7, 1.8, 6.0)
(0.7, 1.8, 7.1)
(0.7, 1.8, 8.2)
(0.7, 1.8, 9.3)
18, 3
(0.7, 1.8, -0.5)
(0.7, 1.8, 0.5)
(0.7, 1.8, 1.6)
(0.7, 1.8, 2.7)
(0.7, 1.8, 3.8)
(0.7, 1.8, 4.9)
(0.7, 1.8, 6.0)
(0.7, 1.8, 7.1)
(0.7, 1.8, 8.2)
(0.7, 1.8, 9.3)
18, 4
(0.8, 1.8, -0.5)
(0.7, 1.8, 0.6)
(0.7, 1.8, 1.7)
(0.7, 1.8, 2.8)
(0.7, 1.8, 3.9)
(0.7, 1.8, 5.0)
(0.7, 1.8, 6.0)
(0.7, 1.8, 7.1)
(0.7, 1.8, 8.2)
(0.7, 1.8, 9.3)
18, 5
(0.7, 1.8, -0.5)
(0.7, 1.8, 0.6)
(0.7, 1.8, 1.7)
(0.7, 1.8, 2.8)
(0.7, 1.8, 3.9)
(0.7, 1.8, 5.0)
(0.7, 1.8, 6.1)
(0.7, 1.8, 7.2)
(0.7, 1.8, 8.2)
(0.7, 1.8, 9.3)
18, 6
(0.8, 1.8, -0.5)
(0.7, 1.8, 0.6)
(0.7, 1.8, 1.6)
(0.7, 1.8, 2.7)
(0.7, 1.8, 3.8)
(0.7, 1.8, 4.9)
(0.7, 1.8, 6.0)
(0.7, 1.8, 7.1)
(0.7, 1.8, 8.2)
(0.7, 1.8, 9.3)
19, 1
(0.7, 1.8, -0.6)
(0.7, 1.8, 0.5)
(0.7, 1.8, 1.6)
(0.7, 1.8, 2.7)
(0.7, 1.8, 3.8)
(0.7, 1.8, 4.9)
(0.7, 1.8, 5.9)
(0.7, 1.8, 7.0)
(0.7, 1.8, 8.1)
(0.7, 1.8, 9.2)
19, 2
(0.7, 1.8, -0.6)
(0.7, 1.8, 0.5)
(0.7, 1.8, 1.6)
(0.5, 1.8, 2.4)
(0.7, 1.8, 1.1)
(0.5, 1.8, -0.2)
(0.1, 1.8, -1.5)
(-0.3, 1.8, -2.0)
(-0.6, 1.8, -2.0)
(-0.7, 1.8, -2.0)
(-0.7, 1.8, -2.0)
(-0.7, 1.8, -2.0)
(-0.7, 1.8, -2.0)
(-0.7, 1.8, -2.0)
(-0.7, 1.8, -2.0)
(-0.7, 1.8, -2.0)
(-0.7, 1.8, -2.0)
(-0.7, 1.8, -2.0)
(-0.7, 1.8, -1.1)
(-0.7, 1.8, 0.2)
(-0.6, 1.8, 1.6)
(-0.5, 1.8, 2.9)
(-0.5, 1.8, 4.3)
(-0.4, 1.8, 5.7)
(-0.3, 1.8, 7.0)
(-0.2, 1.8, 8.4)
19, 3
(0.0, 1.8, -1.2)
(0.1, 1.8, 0.2)
(0.2, 1.8, 1.6)
(0.2, 1.8, 2.9)
(0.3, 1.8, 4.3)
(0.4, 1.8, 5.6)
(0.4, 1.8, 7.0)
(0.5, 1.8, 8.3)
19, 4
(0.0, 1.8, -1.2)
(0.1, 1.8, 0.1)
(0.2, 1.8, 1.5)
(0.2, 1.8, 2.9)
(0.3, 1.8, 4.2)
(0.4, 1.8, 5.6)
(0.4, 1.8, 6.9)
(0.5, 1.8, 8.3)
19, 5
(0.0, 1.8, -1.2)
(0.1, 1.8, 0.2)
(0.2, 1.8, 1.5)
(0.2, 1.8, 2.9)
(0.3, 1.8, 4.3)
(0.4, 1.8, 5.6)
(0.4, 1.8, 7.0)
(0.5, 1.8, 8.3)
19, 6
(0.0, 1.8, -0.6)
(0.1, 1.8, 0.8)
(0.2, 1.8, 2.2)
(0.3, 1.8, 3.5)
(0.3, 1.8, 4.9)
(0.4, 1.8, 6.3)
(0.5, 1.8, 7.6)
(0.5, 1.8, 8.9)
20, 1
(0.0, 1.8, -0.6)
(0.1, 1.8, 0.7)
(0.2, 1.8, 2.1)
(0.3, 1.8, 3.5)
(0.3, 1.8, 4.8)
(0.4, 1.8, 6.2)
(0.5, 1.8, 7.6)
(0.5, 1.8, 8.9)
20, 2
(0.0, 1.8, -0.6)
(0.1, 1.8, 0.8)
(0.2, 1.8, 2.1)
(0.3, 1.8, 3.5)
(0.3, 1.8, 4.8)
(0.4, 1.8, 6.2)
(0.5, 1.8, 7.5)
(0.5, 1.8, 8.9)
20, 3
(0.0, 1.8, -0.6)
(0.1, 1.8, 0.7)
(0.2, 1.8, 2.1)
(0.3, 1.8, 3.4)
(0.3, 1.8, 4.8)
(0.4, 1.8, 6.2)
(0.5, 1.8, 7.5)
(0.5, 1.8, 8.9)
20, 4
(0.0, 1.8, -0.7)
(0.1, 1.8, 0.7)
(0.2, 1.8, 2.1)
(0.3, 1.8, 3.4)
(0.3, 1.8, 4.8)
(0.4, 1.8, 6.2)
(0.5, 1.8, 7.5)
(0.5, 1.8, 8.9)
20, 5
(0.0, 1.8, -0.6)
(0.1, 1.8, 0.7)
(0.2, 1.8, 2.1)
(0.3, 1.8, 3.5)
(0.3, 1.8, 4.8)
(0.4, 1.8, 6.2)
(0.5, 1.8, 7.5)
(0.5, 1.8, 8.9)
20, 6
(0.0, 1.8, -0.6)
(0.1, 1.8, 0.8)
(0.2, 1.8, 2.1)
(0.3, 1.8, 3.5)
(0.3, 1.8, 4.8)
(0.4, 1.8, 6.2)
(0.5, 1.8, 7.6)
(0.5, 1.8, 8.9)
21, 1
(0.0, 1.8, -0.6)
(0.1, 1.8, 0.7)
(0.2, 1.8, 2.1)
(0.3, 1.8, 3.5)
(0.3, 1.8, 4.8)
(0.4, 1.8, 6.2)
(0.5, 1.8, 7.6)
(0.5, 1.8, 8.9)
21, 2
(0.0, 1.8, -0.6)
(0.1, 1.8, 0.8)
(0.2, 1.8, 2.1)
(0.3, 1.8, 3.5)
(0.3, 1.8, 4.9)
(0.4, 1.8, 6.2)
(0.5, 1.8, 7.6)
(0.5, 1.8, 9.0)
21, 3
(0.0, 1.8, -0.6)
(0.1, 1.8, 0.8)
(0.2, 1.8, 2.1)
(0.3, 1.8, 3.5)
(0.3, 1.8, 4.8)
(0.4, 1.8, 6.2)
(0.5, 1.8, 7.6)
(0.5, 1.8, 8.9)
21, 4
(0.0, 1.8, -0.6)
(0.1, 1.8, 0.7)
(0.2, 1.8, 2.1)
(0.3, 1.8, 3.5)
(0.3, 1.8, 4.8)
(0.4, 1.8, 6.2)
(0.5, 1.8, 7.5)
(0.5, 1.8, 8.9)
21, 5
(0.0, 1.8, -0.6)
(0.1, 1.8, 0.7)
(0.2, 1.8, 2.1)
(0.3, 1.8, 3.5)
(0.3, 1.8, 4.8)
(0.4, 1.8, 6.2)
(0.5, 1.8, 7.5)
(0.5, 1.8, 8.9)
21, 6
(0.0, 1.8, -0.6)
(0.1, 1.8, 0.7)
(0.2, 1.8, 2.0)
(0.3, 1.8, 3.4)
(0.3, 1.8, 4.7)
(0.4, 1.8, 6.0)
(0.5, 1.8, 7.4)
(0.5, 1.8, 8.8)
22, 1
(0.0, 1.8, -0.8)
(0.1, 1.8, 0.6)
(0.2, 1.8, 1.9)
(0.2, 1.8, 3.2)
(0.3, 1.8, 4.6)
(0.4, 1.8, 6.0)
(0.5, 1.8, 7.3)
(0.5, 1.8, 8.7)
22, 2
(0.0, 1.8, -0.8)
(0.1, 1.8, 0.6)
(0.2, 1.8, 1.9)
(0.2, 1.8, 3.2)
(0.3, 1.8, 4.6)
(0.4, 1.8, 6.0)
(0.5, 1.8, 7.3)
(0.5, 1.8, 8.6)
22, 3
(0.0, 1.8, -0.9)
(0.1, 1.8, 0.5)
(0.2, 1.8, 1.8)
(0.2, 1.8, 3.2)
(0.3, 1.8, 4.5)
(0.4, 1.8, 5.9)
(0.5, 1.8, 7.3)
(0.5, 1.8, 8.6)
22, 4
(0.0, 1.8, -0.9)
(0.1, 1.8, 0.4)
(0.2, 1.8, 1.8)
(0.2, 1.8, 3.2)
(0.3, 1.8, 4.5)
(0.4, 1.8, 5.9)
(0.5, 1.8, 7.2)
(0.5, 1.8, 8.6)
22, 5
(0.0, 1.8, -0.9)
(0.1, 1.8, 0.4)
(0.2, 1.8, 1.8)
(0.2, 1.8, 3.1)
(0.3, 1.8, 4.5)
(0.4, 1.8, 5.9)
(0.5, 1.8, 7.2)
(0.5, 1.8, 8.6)
22, 6
(0.0, 1.8, -0.6)
(0.1, 1.8, 0.8)
(0.2, 1.8, 2.2)
(0.3, 1.8, 3.5)
(0.3, 1.8, 4.9)
(0.4, 1.8, 6.2)
(0.5, 1.8, 7.6)
(0.5, 1.8, 9.0)
23, 1
(0.1, 1.8, -0.5)
(0.1, 1.8, 0.8)
(0.2, 1.8, 2.2)
(0.3, 1.8, 3.6)
(0.3, 1.8, 4.9)
(0.4, 1.8, 6.3)
(0.5, 1.8, 7.6)
(0.6, 1.8, 9.0)
23, 2
(0.0, 1.8, -0.5)
(0.1, 1.8, 0.8)
(0.2, 1.8, 2.1)
(0.3, 1.8, 3.5)
(0.3, 1.8, 4.9)
(0.4, 1.8, 6.2)
(0.5, 1.8, 7.6)
(0.5, 1.8, 8.9)
23, 3
(0.0, 1.8, -0.6)
(0.1, 1.8, 0.8)
(0.2, 1.8, 2.1)
(0.3, 1.8, 3.5)
(0.3, 1.8, 4.8)
(0.4, 1.8, 5.4)
(0.4, 1.8, 5.4)
(0.4, 1.8, 5.4)
(0.4, 1.8, 5.4)
(0.4, 1.8, 5.4)
(0.4, 1.8, 5.4)
(0.4, 1.8, 5.4)
(0.4, 1.8, 5.4)
(0.4, 1.8, 5.4)
(0.4, 1.8, 5.4)
(0.4, 1.8, 5.5)
(0.4, 1.8, 6.8)
(0.5, 1.8, 8.1)
23, 4
(0.0, 1.2, -1.4)
(0.1, 1.8, 0.0)
(0.1, 1.8, 1.3)
(0.2, 1.8, 2.7)
(0.3, 1.8, 4.0)
(0.4, 1.8, 5.4)
(0.4, 1.8, 6.7)
(0.5, 1.8, 8.1)
23, 5
(0.0, 0.8, -1.5)
(0.1, 1.8, -0.1)
(0.1, 1.8, 1.2)
(0.2, 1.8, 2.6)
(0.3, 1.8, 3.9)
(0.4, 1.8, 5.3)
(0.4, 1.8, 6.7)
(0.5, 1.8, 8.0)
(0.6, 1.8, 9.4)
23, 6
(0.1, 1.8, -0.2)
(0.1, 1.8, 1.2)
(0.2, 1.8, 2.6)
(0.3, 1.8, 3.9)
(0.4, 1.8, 5.3)
(0.4, 1.8, 6.7)
(0.5, 1.8, 8.0)
(0.6, 1.8, 9.4)
24, 1
(0.1, 1.8, -0.2)
(0.1, 1.8, 1.2)
(0.2, 1.8, 2.6)
(0.3, 1.8, 3.9)
(0.4, 1.8, 5.3)
(0.4, 1.8, 6.6)
(0.5, 1.8, 8.0)
(0.6, 1.8, 9.4)
24, 2
(0.1, 1.8, -0.1)
(0.1, 1.8, 1.2)
(0.2, 1.8, 2.6)
(0.3, 1.8, 3.9)
(0.4, 1.8, 5.3)
(0.4, 1.8, 6.7)
(0.5, 1.8, 8.0)
(0.6, 1.8, 9.4)
24, 3
(0.1, 1.8, -0.2)
(0.1, 1.8, 1.2)
(0.2, 1.8, 2.6)
(0.7, 1.8, 3.6)
(0.7, 1.8, 4.9)
(0.7, 1.8, 6.2)
(0.0, 1.8, 7.3)
(0.0, 1.8, 8.7)
24, 4
(0.4, 1.8, -1.0)
(0.7, 1.8, 0.2)
(0.7, 1.8, 1.6)
(0.7, 1.8, 3.0)
(0.7, 1.8, 4.3)
(0.7, 1.8, 5.7)
(0.7, 1.8, 7.0)
(0.7, 1.8, 8.4)
24, 5
(0.0, 1.8, -1.2)
(0.1, 1.8, 0.2)
(0.2, 1.8, 1.5)
(0.2, 1.8, 2.9)
(0.3, 1.8, 4.2)
(0.4, 1.8, 5.6)
(0.4, 1.8, 7.0)
(0.5, 1.8, 8.3)
24, 6
(0.0, 1.8, -0.8)
(0.1, 1.8, 0.6)
(0.2, 1.8, 1.9)
(0.3, 1.8, 3.3)
(0.3, 1.8, 4.6)
(0.4, 1.8, 6.0)
(0.5, 1.8, 7.3)
(0.5, 1.8, 8.7)
25, 1
(0.0, 1.8, -0.8)
(0.1, 1.8, 0.6)
(0.2, 1.8, 1.9)
(0.3, 1.8, 3.3)
(0.3, 1.8, 4.7)
(0.4, 1.8, 6.0)
(0.5, 1.8, 7.4)
(0.5, 1.8, 8.7)
25, 2
(0.0, 1.8, -0.8)
(0.1, 1.8, 0.5)
(0.2, 1.8, 1.9)
(0.3, 1.8, 3.3)
(0.3, 1.8, 4.6)
(0.4, 1.8, 6.0)
(0.5, 1.8, 7.4)
(0.5, 1.8, 8.7)
25, 3
(0.0, 1.8, -0.8)
(0.1, 1.8, 0.5)
(0.2, 1.8, 1.9)
(0.2, 1.8, 3.3)
(0.2, 1.8, 4.6)
(0.3, 1.8, 6.0)
(0.4, 1.8, 7.3)
(0.5, 1.8, 8.7)
25, 4
(0.0, 1.8, -0.8)
(0.1, 1.8, 0.6)
(0.2, 1.8, 1.9)
(0.3, 1.8, 3.3)
(0.3, 1.8, 4.7)
(0.4, 1.8, 6.0)
(0.5, 1.8, 7.3)
(0.5, 1.8, 8.7)
25, 5
(0.0, 1.8, -0.9)
(0.1, 1.8, 0.5)
(0.2, 1.8, 1.9)
(0.2, 1.8, 3.2)
(0.3, 1.8, 4.6)
(0.4, 1.8, 6.0)
(0.5, 1.8, 7.3)
(0.5, 1.8, 8.7)
25, 6
(0.0, 1.8, -0.6)
(0.1, 1.8, 0.8)
(0.2, 1.8, 2.2)
(0.3, 1.8, 3.5)
(0.3, 1.8, 4.9)
(0.4, 1.8, 6.2)
(0.5, 1.8, 7.6)
(0.5, 1.8, 9.0)
26, 1
(0.1, 1.8, -0.5)
(0.1, 1.8, 0.8)
(0.2, 1.8, 2.2)
(0.3, 1.8, 3.6)
(0.3, 1.8, 4.9)
(0.4, 1.8, 6.3)
(0.5, 1.8, 7.6)
(0.6, 1.8, 9.0)
26, 2
(0.0, 1.8, -0.6)
(0.1, 1.8, 0.8)
(0.2, 1.8, 2.2)
(0.3, 1.8, 3.5)
(0.3, 1.8, 4.9)
(0.4, 1.8, 6.2)
(0.5, 1.8, 7.6)
(0.5, 1.8, 8.9)
26, 3
(0.0, 1.8, -0.6)
(0.1, 1.8, 0.7)
(0.2, 1.8, 2.1)
(0.3, 1.8, 3.5)
(0.3, 1.8, 4.8)
(0.4, 1.8, 6.2)
(0.5, 1.8, 7.6)
(0.5, 1.8, 8.9)
26, 4
(0.0, 1.8, -0.6)
(0.1, 1.8, 0.7)
(0.2, 1.8, 2.1)
(0.3, 1.8, 3.5)
(0.3, 1.8, 4.8)
(0.4, 1.8, 6.2)
(0.5, 1.8, 7.5)
(0.5, 1.8, 8.9)
26, 5
(0.0, 1.8, -0.6)
(0.1, 1.8, 0.7)
(0.2, 1.8, 2.1)
(0.3, 1.8, 3.4)
(0.3, 1.8, 4.8)
(0.4, 1.8, 6.2)
(0.5, 1.8, 7.5)
(0.5, 1.8, 8.9)
26, 6
(0.0, 1.8, -0.6)
(0.1, 1.8, 0.8)
(0.2, 1.8, 2.2)
(0.3, 1.8, 3.5)
(0.3, 1.8, 4.9)
(0.4, 1.8, 6.2)
(0.5, 1.8, 7.6)
(0.5, 1.8, 9.0)
27, 1
(0.1, 1.8, -0.5)
(0.1, 1.8, 0.8)
(0.2, 1.8, 2.2)
(0.3, 1.8, 3.6)
(0.3, 1.8, 4.9)
(0.4, 1.8, 6.3)
(0.5, 1.8, 7.6)
(0.6, 1.8, 9.0)
27, 2
(0.0, 1.8, -0.6)
(0.1, 1.8, 0.8)
(0.2, 1.8, 2.2)
(0.3, 1.8, 3.5)
(0.3, 1.8, 4.9)
(0.4, 1.8, 6.3)
(0.5, 1.8, 7.6)
(0.5, 1.8, 9.0)
27, 3
(0.0, 1.8, -0.6)
(0.1, 1.8, 0.8)
(0.2, 1.8, 2.2)
(0.3, 1.8, 3.5)
(0.3, 1.8, 4.8)
(0.4, 1.8, 6.2)
(0.5, 1.8, 7.5)
(0.5, 1.8, 8.9)
27, 4
(0.0, 1.8, -0.6)
(0.1, 1.8, 0.7)
(0.2, 1.8, 2.1)
(0.3, 1.8, 3.5)
(0.3, 1.8, 4.8)
(0.4, 1.8, 6.2)
(0.5, 1.8, 7.5)
(0.5, 1.8, 8.9)
27, 5
(0.0, 1.8, -0.6)
(0.1, 1.8, 0.7)
(0.2, 1.8, 2.1)
(0.3, 1.8, 3.4)
(0.3, 1.8, 4.8)
(0.4, 1.8, 6.2)
(0.5, 1.8, 7.5)
(0.5, 1.8, 8.9)
27, 6
(0.0, 1.8, -0.7)
(0.1, 1.8, 0.7)
(0.2, 1.8, 1.4)
(0.2, 1.8, 1.4)
(0.2, 1.8, 1.4)
(0.2, 1.8, 1.4)
(0.2, 1.8, 1.4)
(0.2, 1.8, 1.4)
(0.2, 1.8, 1.4)
(0.2, 1.8, 1.4)
(0.2, 1.8, 1.4)
(0.2, 1.8, 1.4)
(0.2, 1.8, 1.4)
(0.2, 1.8, 1.4)
(0.2, 1.8, 1.4)
(0.2, 1.8, 1.4)
(0.2, 1.8, 1.4)
(0.2, 1.8, 1.4)
(0.2, 1.8, 1.4)
(0.2, 1.8, 1.4)
(0.2, 1.8, 1.4)
(0.2, 1.8, 1.4)
(0.2, 1.8, 1.4)
(0.2, 1.8, 1.4)
(0.2, 1.8, 1.4)
(0.2, 1.8, 1.4)
(0.2, 1.8, 1.4)
(0.2, 1.8, 1.4)
(0.2, 1.8, 1.4)
(0.2, 1.8, 1.4)
(0.2, 1.8, 1.4)
(0.2, 1.8, 1.4)
(0.2, 1.8, 1.4)
(0.2, 1.8, 1.4)
(0.2, 1.8, 1.4)
(0.2, 1.8, 1.4)
(0.2, 1.8, 1.4)
(0.2, 1.8, 1.4)
(0.2, 1.8, 1.4)
(0.2, 1.8, 1.4)
(0.2, 1.8, 1.4)
(0.2, 1.8, 1.4)
(0.2, 1.8, 1.4)
(0.2, 1.8, 1.4)
(0.2, 1.8, 1.4)
(0.2, 1.8, 1.4)
(0.2, 1.8, 1.4)
(0.2, 1.8, 1.4)
(0.2, 1.8, 1.4)
(0.2, 1.8, 1.4)
(0.2, 1.8, 1.4)
(0.2, 1.8, 1.4)
(0.2, 1.8, 1.4)
(0.2, 1.8, 1.4)
(0.2, 1.8, 1.4)
(0.2, 1.8, 1.4)
(0.2, 1.8, 1.4)
(0.2, 1.8, 1.4)
(0.2, 1.8, 1.4)
(0.2, 1.8, 1.4)
(0.2, 1.8, 1.4)
(0.2, 1.8, 1.4)
(0.2, 1.8, 1.4)
(0.2, 1.8, 1.4)
(0.2, 1.8, 1.4)
(0.2, 1.8, 1.4)
(0.2, 1.8, 1.4)
(0.2, 1.8, 1.4)
(0.2, 1.8, 1.4)
(0.2, 1.8, 1.4)
(0.2, 1.8, 1.4)
(0.2, 1.8, 1.4)
(0.2, 1.8, 1.4)
(0.2, 1.8, 1.4)
(0.2, 1.8, 1.4)
(0.2, 1.8, 1.4)
(0.2, 1.8, 1.4)
(0.2, 1.8, 1.4)
(0.2, 1.8, 1.4)
(0.2, 1.8, 1.4)
(0.2, 1.8, 1.4)
(0.2, 1.8, 1.4)
(0.2, 1.8, 1.4)
(0.2, 1.8, 1.4)
(0.2, 1.8, 1.4)
(0.2, 1.8, 1.4)
(0.2, 1.8, 1.4)
(0.2, 1.8, 1.4)
(0.2, 1.8, 1.4)
(0.2, 1.8, 1.4)
(0.2, 1.8, 1.4)
(0.2, 1.8, 1.4)
(0.2, 1.8, 1.4)
(0.2, 1.8, 1.4)
(0.2, 1.8, 1.4)
(0.2, 1.8, 1.4)
(0.2, 1.8, 1.4)
(0.2, 1.8, 1.4)
(0.2, 1.8, 1.4)
(0.2, 1.8, 1.4)
(0.2, 1.8, 1.4)
(0.2, 1.8, 1.4)
(0.2, 1.8, 1.4)
(0.2, 1.8, 1.4)
(0.2, 1.8, 1.4)
(0.2, 1.8, 1.4)
(0.2, 1.8, 1.4)
(0.2, 1.8, 1.4)
(0.2, 1.8, 1.4)
(0.2, 1.8, 1.4)
(0.2, 1.8, 1.4)
(0.2, 1.8, 1.4)
(0.2, 1.8, 1.4)
(0.2, 1.8, 1.4)
(0.2, 1.8, 1.4)
(0.2, 1.8, 1.4)
(0.2, 1.8, 1.4)
(0.2, 1.8, 1.4)
(0.2, 1.8, 1.4)
(0.2, 1.8, 1.4)
(0.2, 1.8, 1.4)
(0.2, 1.8, 1.4)
(0.2, 1.8, 1.4)
(0.2, 1.8, 1.4)
(0.2, 1.8, 1.4)
(0.2, 1.8, 1.4)
(0.2, 1.8, 1.4)
(0.2, 1.8, 1.4)
(0.2, 1.8, 1.4)
(0.2, 1.8, 1.4)
(0.2, 1.8, 1.4)
(0.2, 1.8, 1.4)
(0.2, 1.8, 1.4)
(0.2, 1.8, 1.4)
(0.2, 1.8, 1.4)
(0.2, 1.8, 1.4)
(0.2, 1.8, 1.4)
(0.2, 1.8, 1.4)
(0.2, 1.8, 1.4)
(0.2, 1.8, 1.4)
(0.2, 1.8, 1.4)
(0.2, 1.8, 1.4)
(0.2, 1.8, 1.4)
(0.2, 1.8, 1.4)
(0.2, 1.8, 1.4)
(0.2, 1.8, 1.4)
(0.2, 1.8, 1.4)
(0.2, 1.8, 1.4)
(0.2, 1.8, 1.4)
(0.2, 1.8, 1.4)
(0.2, 1.8, 1.4)
(0.2, 1.8, 1.4)
(0.2, 1.8, 1.4)
(0.2, 1.8, 1.4)
(0.2, 1.8, 1.4)
(0.2, 1.8, 1.4)
(0.2, 1.8, 1.4)
(0.2, 1.8, 1.4)
(0.2, 1.8, 1.4)
(0.2, 1.8, 1.4)
(0.2, 1.8, 1.4)
(0.2, 1.8, 1.4)
(0.2, 1.8, 1.4)
(0.2, 1.8, 1.4)
(0.2, 1.8, 1.4)
(0.2, 1.8, 1.4)
(0.2, 1.8, 1.4)
(0.2, 1.8, 1.4)
(0.2, 1.8, 1.4)
(0.2, 1.8, 1.4)
(0.2, 1.8, 1.4)
(0.2, 1.8, 1.4)
(0.2, 1.8, 1.4)
(0.2, 1.8, 1.4)
(0.2, 1.8, 1.4)
(0.2, 1.8, 1.4)
(0.2, 1.8, 1.4)
(0.2, 1.8, 1.4)
(0.2, 1.8, 1.4)
(0.2, 1.8, 1.4)
(0.2, 1.8, 1.4)
(0.2, 1.8, 1.4)
(0.2, 1.8, 1.4)
(0.2, 1.8, 1.4)
(0.2, 1.8, 1.4)
(0.2, 1.8, 1.4)
(0.2, 1.8, 1.4)
(0.2, 1.8, 1.4)
(0.2, 1.8, 1.4)
(0.2, 1.8, 1.4)
(0.2, 1.8, 1.4)
(0.2, 1.8, 1.4)
(0.2, 1.8, 1.4)
(0.2, 1.8, 1.4)
(0.2, 1.8, 1.4)
(0.2, 1.8, 1.4)
(0.2, 1.8, 1.4)
(0.2, 1.8, 1.4)
(0.2, 1.8, 1.4)
(0.2, 1.8, 1.4)
(0.2, 1.8, 1.4)
(0.2, 1.8, 1.4)
(0.2, 1.8, 1.4)
(0.2, 1.8, 1.4)
(0.2, 1.8, 1.4)
(0.2, 1.8, 1.4)
(0.2, 1.8, 1.4)
(0.2, 1.8, 1.4)
(0.2, 1.8, 1.4)
(0.2, 1.8, 1.4)
(0.2, 1.8, 1.4)
(0.2, 1.8, 1.4)
(0.2, 1.8, 1.4)
(0.2, 1.8, 1.4)
(0.2, 1.8, 1.4)
(0.2, 1.8, 1.4)
(0.2, 1.8, 1.4)
(0.2, 1.8, 1.4)
(0.2, 1.8, 1.4)
(0.2, 1.8, 1.4)
(0.2, 1.8, 1.4)
(0.2, 1.8, 1.4)
(0.2, 1.8, 1.4)
(0.2, 1.8, 1.4)
(0.2, 1.8, 1.4)
(0.2, 1.8, 1.4)
(0.2, 1.8, 1.4)
(0.2, 1.8, 1.4)
(0.2, 1.8, 1.4)
(0.2, 1.8, 1.4)
(0.2, 1.8, 1.4)
(0.2, 1.8, 1.4)
(0.2, 1.8, 1.4)
(0.2, 1.8, 1.4)
(0.2, 1.8, 1.4)
(0.2, 1.8, 1.4)
(0.2, 1.8, 1.4)
(0.2, 1.8, 1.4)
(0.2, 1.8, 1.4)
(0.2, 1.8, 1.4)
(0.2, 1.8, 1.4)
(0.2, 1.8, 1.4)
(0.2, 1.8, 1.4)
(0.2, 1.8, 1.4)
(0.2, 1.8, 1.4)
(0.2, 1.8, 1.4)
(0.2, 1.8, 1.4)
(0.2, 1.8, 1.4)
(0.2, 1.8, 1.4)
(0.2, 1.8, 1.4)
(0.2, 1.8, 1.4)
(0.2, 1.8, 1.4)
(0.2, 1.8, 1.4)
(0.2, 1.8, 1.4)
(0.2, 1.8, 1.4)
(0.2, 1.8, 1.4)
(0.2, 1.8, 1.4)
(0.2, 1.8, 1.4)
(0.2, 1.8, 1.4)
(0.2, 1.8, 1.4)
(0.2, 1.8, 1.4)
(0.2, 1.8, 1.4)
(0.2, 1.8, 1.4)
(0.2, 1.8, 1.4)
(0.2, 1.8, 1.4)
(0.2, 1.8, 1.4)
(0.2, 1.8, 1.4)
(0.2, 1.8, 1.4)
(0.2, 1.8, 1.4)
(0.2, 1.8, 1.4)
(0.2, 1.8, 1.4)
(0.2, 1.8, 1.4)
(0.2, 1.8, 1.4)
(0.2, 1.8, 1.4)
(0.2, 1.8, 1.4)
(0.2, 1.8, 1.4)
(0.2, 1.8, 1.4)
(0.2, 1.8, 1.4)
(0.2, 1.8, 1.4)
(0.2, 1.8, 1.4)
(0.2, 1.8, 1.4)
(0.2, 1.8, 1.4)
(0.2, 1.8, 1.4)
(0.2, 1.8, 1.4)
(0.2, 1.8, 1.4)
(0.2, 1.8, 1.4)
(0.2, 1.8, 1.4)
(0.2, 1.8, 1.4)
(0.2, 1.8, 1.4)
(0.2, 1.8, 1.4)
(0.2, 1.8, 1.4)
(0.2, 1.8, 1.4)
(0.2, 1.8, 1.4)
(0.2, 1.8, 1.4)
(0.2, 1.8, 1.4)
(0.2, 1.8, 1.4)
(0.2, 1.8, 1.4)
(0.2, 1.8, 1.4)
(0.2, 1.8, 1.4)
(0.2, 1.8, 1.4)
(0.2, 1.8, 1.4)
(0.2, 1.8, 1.4)
(0.2, 1.8, 1.4)
(0.2, 1.8, 1.4)
(0.2, 1.8, 1.4)
(0.2, 1.8, 1.4)
(0.2, 1.8, 1.4)
(0.2, 1.8, 1.4)
(0.2, 1.8, 1.4)
(0.2, 1.8, 1.4)
(0.2, 1.8, 1.4)
(0.2, 1.8, 1.4)
(0.2, 1.8, 1.4)
(0.2, 1.8, 1.4)
(0.2, 1.8, 1.4)
(0.2, 1.8, 1.4)
(0.2, 1.8, 1.4)
(0.2, 1.8, 1.4)
(0.2, 1.8, 1.4)
(0.2, 1.8, 1.4)
(0.2, 1.8, 1.4)
(0.2, 1.8, 1.4)
(0.2, 1.8, 1.4)
(0.2, 1.8, 1.4)
(0.2, 1.8, 1.4)
(0.2, 1.8, 1.4)
(0.2, 1.8, 1.4)
(0.2, 1.8, 1.4)
(0.2, 1.8, 1.4)
(0.2, 1.8, 1.4)
(0.2, 1.8, 1.4)
(0.2, 1.8, 1.4)
(0.2, 1.8, 1.4)
(0.2, 1.8, 1.4)
(0.2, 1.8, 1.4)
(0.2, 1.8, 1.4)
(0.2, 1.8, 1.4)
(0.2, 1.8, 1.4)
(0.2, 1.8, 1.4)
(0.2, 1.8, 1.4)
(0.2, 1.8, 1.4)
(0.2, 1.8, 1.4)
(0.2, 1.8, 1.4)
(0.2, 1.8, 1.4)
(0.2, 1.8, 1.4)
(0.2, 1.8, 1.4)
(0.2, 1.8, 1.4)
(0.2, 1.8, 1.4)
(0.2, 1.8, 1.4)
(0.2, 1.8, 1.4)
(0.2, 1.8, 1.4)
(0.2, 1.8, 1.4)
(0.2, 1.8, 1.4)
(0.2, 1.8, 1.4)
(0.2, 1.8, 1.4)
(0.2, 1.8, 1.4)
(0.2, 1.8, 1.4)
(0.2, 1.8, 1.4)
(0.2, 1.8, 1.4)
(0.2, 1.8, 1.4)
(0.2, 1.8, 1.4)
(0.2, 1.8, 1.4)
(0.2, 1.8, 1.4)
(0.2, 1.8, 1.4)
(0.2, 1.8, 1.4)
(0.2, 1.8, 1.4)
(0.2, 1.8, 1.4)
(0.2, 1.8, 1.4)
(0.2, 1.8, 1.4)
(0.2, 1.8, 1.4)
(0.2, 1.8, 1.4)
(0.2, 1.8, 1.4)
(0.2, 1.8, 1.4)
(0.2, 1.8, 1.4)
(0.2, 1.8, 1.4)
(0.2, 1.8, 1.4)
(0.2, 1.8, 1.4)
(0.2, 1.8, 1.4)
(0.2, 1.8, 1.4)
(0.2, 1.8, 1.4)
(0.2, 1.8, 1.4)
(0.2, 1.8, 1.4)
(0.2, 1.8, 1.4)
(0.2, 1.8, 1.4)
(0.2, 1.8, 1.4)
(0.2, 1.8, 1.4)
(0.2, 1.8, 1.4)
(0.2, 1.8, 1.4)
(0.2, 1.8, 1.4)
(0.2, 1.8, 1.4)
(0.2, 1.8, 1.4)
(0.2, 1.8, 1.4)
(0.2, 1.8, 1.4)
(0.2, 1.8, 1.4)
(0.2, 1.8, 1.4)
(0.2, 1.8, 1.4)
(0.2, 1.8, 1.4)
(0.2, 1.8, 1.4)
(0.2, 1.8, 1.4)
(0.2, 1.8, 1.4)
(0.2, 1.8, 1.4)
(0.2, 1.8, 1.4)
(0.2, 1.8, 1.4)
(0.2, 1.8, 1.4)
(0.2, 1.8, 1.4)
(0.2, 1.8, 1.4)
(0.2, 1.8, 1.4)
(0.2, 1.8, 1.4)
(0.2, 1.8, 1.4)
(0.2, 1.8, 1.4)
(0.2, 1.8, 1.4)
(0.2, 1.8, 1.4)
(0.2, 1.8, 1.4)
(0.2, 1.8, 1.4)
(0.2, 1.8, 1.4)
(0.2, 1.8, 1.4)
(0.2, 1.8, 1.4)
(0.2, 1.8, 1.4)
(0.2, 1.8, 1.4)
(0.2, 1.8, 1.4)
(0.2, 1.8, 1.4)
(0.2, 1.8, 1.4)
(0.2, 1.8, 1.4)
(0.2, 1.8, 1.4)
(0.2, 1.8, 1.4)
(0.2, 1.8, 1.4)
(0.2, 1.8, 1.4)
(0.2, 1.8, 1.4)
(0.2, 1.8, 1.4)
(0.2, 1.8, 1.4)
(0.2, 1.8, 1.4)
(0.2, 1.8, 1.4)
(0.2, 1.8, 1.4)
(0.2, 1.8, 1.4)
(0.2, 1.8, 1.4)
(0.2, 1.8, 1.4)
(0.2, 1.8, 1.4)
(0.2, 1.8, 1.4)
(0.2, 1.8, 1.4)
(0.2, 1.8, 1.4)
(0.2, 1.8, 1.4)
(0.2, 1.8, 1.4)
(0.2, 1.8, 1.4)
(0.2, 1.8, 1.4)
(0.2, 1.8, 1.4)
(0.2, 1.8, 1.4)
(0.2, 1.8, 1.4)
(0.2, 1.8, 1.4)
(0.2, 1.8, 1.4)
(0.2, 1.8, 1.4)
(0.2, 1.8, 1.4)
(0.2, 1.8, 1.4)
(0.2, 1.8, 1.4)
(0.2, 1.8, 1.4)
(0.2, 1.8, 1.4)
(0.2, 1.8, 1.4)
(0.2, 1.8, 1.4)
(0.2, 1.8, 1.4)
(0.2, 1.8, 1.4)
(0.2, 1.8, 1.4)
(0.2, 1.8, 1.4)
(0.2, 1.8, 1.4)
(0.2, 1.8, 1.4)
(0.2, 1.8, 1.4)
(0.2, 1.8, 1.4)
(0.2, 1.8, 1.4)
(0.2, 1.8, 1.4)
(0.2, 1.8, 1.4)
(0.2, 1.8, 1.4)
(0.2, 1.8, 1.4)
(0.2, 1.8, 1.4)
(0.2, 1.8, 1.4)
(0.2, 1.8, 1.4)
(0.2, 1.8, 1.4)
(0.2, 1.8, 1.4)
(0.2, 1.8, 1.4)
(0.2, 1.8, 1.4)
(0.2, 1.8, 1.4)
(0.2, 1.8, 1.4)
(0.2, 1.8, 1.4)
(0.2, 1.8, 1.4)
(0.2, 1.8, 1.4)
(0.2, 1.8, 1.4)
(0.2, 1.8, 1.4)
(0.2, 1.8, 1.4)
(0.2, 1.8, 1.4)
(0.2, 1.8, 1.4)
(0.2, 1.8, 1.4)
(0.2, 1.8, 1.4)
(0.2, 1.8, 1.4)
(0.2, 1.8, 1.4)
(0.2, 1.8, 1.4)
(0.2, 1.8, 1.4)
(0.2, 1.8, 1.4)
(0.2, 1.8, 1.4)
(0.2, 1.8, 1.4)
(0.2, 1.8, 1.4)
(0.2, 1.8, 1.4)
(0.2, 1.8, 1.4)
(0.2, 1.8, 1.4)
(0.2, 1.8, 1.4)
(0.2, 1.8, 1.4)
(0.2, 1.8, 1.4)
(0.2, 1.8, 1.4)
(0.2, 1.8, 1.4)
(0.2, 1.8, 1.4)
(0.2, 1.8, 1.4)
(0.2, 1.8, 1.4)
(0.2, 1.8, 1.4)
(0.2, 1.8, 1.4)
(0.2, 1.8, 1.4)
(0.2, 1.8, 1.4)
(0.2, 1.8, 1.4)
(0.2, 1.8, 1.4)
(0.2, 1.8, 1.4)
(0.2, 1.8, 1.4)
(0.2, 1.8, 1.4)
(0.2, 1.8, 1.4)
(0.2, 1.8, 1.4)
(0.2, 1.8, 1.4)
(0.2, 1.8, 1.4)
(0.2, 1.8, 1.4)
(0.2, 1.8, 1.4)
(0.2, 1.8, 1.4)
(0.2, 1.8, 1.4)
(0.2, 1.8, 1.4)
(0.2, 1.8, 1.4)
(0.2, 1.8, 1.4)
(0.2, 1.8, 1.4)
(0.2, 1.8, 1.4)
(0.2, 1.8, 1.4)
(0.2, 1.8, 1.4)
(0.2, 1.8, 1.4)
(0.2, 1.8, 1.4)
(0.2, 1.8, 1.4)
(0.2, 1.8, 1.4)
(0.2, 1.8, 1.4)
(0.2, 1.8, 1.4)
(0.2, 1.8, 1.4)
(0.2, 1.8, 1.4)
(0.2, 1.8, 1.4)
(0.2, 1.8, 1.4)
(0.2, 1.8, 1.4)
(0.2, 1.8, 1.4)
(0.2, 1.8, 1.4)
(0.2, 1.8, 1.4)
(0.2, 1.8, 1.4)
(0.2, 1.8, 1.4)
(0.2, 1.8, 1.4)
(0.2, 1.8, 1.4)
(0.2, 1.8, 1.4)
(0.2, 1.8, 1.4)
(0.2, 1.8, 1.4)
(0.2, 1.8, 1.4)
(0.2, 1.8, 1.4)
(0.2, 1.8, 1.4)
(0.2, 1.8, 1.4)
(0.2, 1.8, 1.4)
(0.2, 1.8, 1.4)
(0.2, 1.8, 1.4)
(0.2, 1.8, 1.4)
(0.2, 1.8, 1.4)
(0.2, 1.8, 1.4)
(0.2, 1.8, 1.4)
(0.2, 1.8, 1.4)
(0.2, 1.8, 1.4)
(0.2, 1.8, 1.4)
(0.2, 1.8, 1.4)
(0.2, 1.8, 1.4)
(0.2, 1.8, 1.4)
(0.2, 1.8, 1.4)
(0.2, 1.8, 1.4)
(0.2, 1.8, 1.4)
(0.2, 1.8, 1.4)
(0.2, 1.8, 1.4)
(0.2, 1.8, 1.4)
(0.2, 1.8, 1.4)
(0.2, 1.8, 1.4)
(0.2, 1.8, 1.4)
(0.2, 1.8, 1.4)
(0.2, 1.8, 1.4)
(0.2, 1.8, 1.4)
(0.2, 1.8, 1.4)
(0.2, 1.8, 1.4)
(0.2, 1.8, 1.4)
(0.2, 1.8, 1.4)
(0.2, 1.8, 1.4)
(0.2, 1.8, 1.4)
(0.2, 1.8, 1.4)
(0.2, 1.8, 1.4)
(0.2, 1.8, 1.4)
(0.2, 1.8, 1.4)
(0.2, 1.8, 1.4)
(0.2, 1.8, 1.4)
(0.2, 1.8, 1.4)
