Subject,Device,Rho,Lambda,Display,Time
1,headset_06x10,headset_100,headset_0050,headset,8.740614555555556
1,headset_06x10,headset_100,headset_1000,headset,6.829535777777778
1,headset_06x10,headset_100,headset_5000,headset,18.825656333333335
1,headset_06x10,headset_300,headset_0050,headset,20.734876222222223
1,headset_06x10,headset_300,headset_1000,headset,15.075710333333332
1,headset_06x10,headset_300,headset_5000,headset,14.942381666666664
1,headset_06x10,headset_500,headset_0050,headset,5.301757333333334
1,headset_06x10,headset_500,headset_1000,headset,10.136881666666667
1,headset_06x10,headset_500,headset_5000,headset,13.99794
1,headset_10x16,headset_100,headset_0050,headset,2.751790322222222
1,headset_10x16,headset_100,headset_1000,headset,2.748128333333333
1,headset_10x16,headset_100,headset_5000,headset,9.464681555555556
1,headset_10x16,headset_300,headset_0050,headset,2.0388455555555556
1,headset_10x16,headset_300,headset_1000,headset,3.505506777777778
1,headset_10x16,headset_300,headset_5000,headset,10.899835444444445
1,headset_10x16,headset_500,headset_0050,headset,2.2980957777777777
1,headset_10x16,headset_500,headset_1000,headset,2.6943901111111113
1,headset_10x16,headset_500,headset_5000,headset,17.32754111111111
1,headset_19x31,headset_100,headset_0050,headset,4.175855777777778
1,headset_19x31,headset_100,headset_1000,headset,2.972195222222222
1,headset_19x31,headset_100,headset_5000,headset,28.247757444444446
1,headset_19x31,headset_300,headset_0050,headset,2.93514
1,headset_19x31,headset_300,headset_1000,headset,3.7536620000000003
1,headset_19x31,headset_300,headset_5000,headset,12.122056777777779
1,headset_19x31,headset_500,headset_0050,headset,2.994411777777778
1,headset_19x31,headset_500,headset_1000,headset,5.598063666666666
1,headset_19x31,headset_500,headset_5000,headset,11.690591444444445
3,headset_06x10,headset_100,headset_0050,headset,16.829374444444444
3,headset_06x10,headset_100,headset_1000,headset,8.190607222222221
3,headset_06x10,headset_100,headset_5000,headset,20.812624444444445
3,headset_06x10,headset_300,headset_0050,headset,5.836968222222223
3,headset_06x10,headset_300,headset_1000,headset,5.016601555555556
3,headset_06x10,headset_300,headset_5000,headset,4.114746111111111
3,headset_06x10,headset_500,headset_0050,headset,10.41124922222222
3,headset_06x10,headset_500,headset_1000,headset,6.940632888888889
3,headset_06x10,headset_500,headset_5000,headset,7.835069444444445
3,headset_10x16,headset_100,headset_0050,headset,3.9351264444444447
3,headset_10x16,headset_100,headset_1000,headset,4.6832652222222215
3,headset_10x16,headset_100,headset_5000,headset,14.29606277777778
3,headset_10x16,headset_300,headset_0050,headset,3.174018222222222
3,headset_10x16,headset_300,headset_1000,headset,3.1055094444444444
3,headset_10x16,headset_300,headset_5000,headset,10.373915333333334
3,headset_10x16,headset_500,headset_0050,headset,3.407362111111111
3,headset_10x16,headset_500,headset_1000,headset,3.9980739999999995
3,headset_10x16,headset_500,headset_5000,headset,9.679483333333334
3,headset_19x31,headset_100,headset_0050,headset,4.283263999999999
3,headset_19x31,headset_100,headset_1000,headset,2.8980983333333334
3,headset_19x31,headset_100,headset_5000,headset,6.079535888888889
3,headset_19x31,headset_300,headset_0050,headset,2.470337
3,headset_19x31,headset_300,headset_1000,headset,2.298122777777778
3,headset_19x31,headset_300,headset_5000,headset,6.642495777777778
3,headset_19x31,headset_500,headset_0050,headset,3.107360888888889
3,headset_19x31,headset_500,headset_1000,headset,2.8962538888888885
3,headset_19x31,headset_500,headset_5000,headset,13.866455000000002
4,headset_06x10,headset_100,headset_0050,headset,3.994384888888889
4,headset_06x10,headset_100,headset_1000,headset,14.468289888888888
4,headset_06x10,headset_100,headset_5000,headset,14.359035333333335
4,headset_06x10,headset_300,headset_0050,headset,3.6436224444444445
4,headset_06x10,headset_300,headset_1000,headset,23.02367511111111
4,headset_06x10,headset_300,headset_5000,headset,14.579399888888892
4,headset_06x10,headset_500,headset_0050,headset,8.788763444444445
4,headset_06x10,headset_500,headset_1000,headset,14.396063888888888
4,headset_06x10,headset_500,headset_5000,headset,16.496054555555556
4,headset_10x16,headset_100,headset_0050,headset,2.6781685555555557
4,headset_10x16,headset_100,headset_1000,headset,5.177686666666666
4,headset_10x16,headset_100,headset_5000,headset,16.947876333333333
4,headset_10x16,headset_300,headset_0050,headset,2.959472666666666
4,headset_10x16,headset_300,headset_1000,headset,2.642551222222222
4,headset_10x16,headset_300,headset_5000,headset,9.577635888888889
4,headset_10x16,headset_500,headset_0050,headset,3.398084888888889
4,headset_10x16,headset_500,headset_1000,headset,3.5277236666666667
4,headset_10x16,headset_500,headset_5000,headset,9.01467588888889
4,headset_19x31,headset_100,headset_0050,headset,5.355468777777777
4,headset_19x31,headset_100,headset_1000,headset,3.633273666666666
4,headset_19x31,headset_100,headset_5000,headset,14.001627999999998
4,headset_19x31,headset_300,headset_0050,headset,2.296251222222222
4,headset_19x31,headset_300,headset_1000,headset,3.901787666666666
4,headset_19x31,headset_300,headset_5000,headset,8.06655588888889
4,headset_19x31,headset_500,headset_0050,headset,2.9703233333333334
4,headset_19x31,headset_500,headset_1000,headset,3.5129124444444444
4,headset_19x31,headset_500,headset_5000,headset,8.133300555555556
5,headset_06x10,headset_100,headset_0050,headset,4.449924
5,headset_06x10,headset_100,headset_1000,headset,8.083197111111112
5,headset_06x10,headset_100,headset_5000,headset,10.412787
5,headset_06x10,headset_300,headset_0050,headset,4.505479666666666
5,headset_06x10,headset_300,headset_1000,headset,5.709160333333333
5,headset_06x10,headset_300,headset_5000,headset,14.301609222222222
5,headset_06x10,headset_500,headset_0050,headset,6.03137888888889
5,headset_06x10,headset_500,headset_1000,headset,8.297254222222223
5,headset_06x10,headset_500,headset_5000,headset,9.783165777777779
5,headset_10x16,headset_100,headset_0050,headset,2.5055134444444445
5,headset_10x16,headset_100,headset_1000,headset,4.038818444444444
5,headset_10x16,headset_100,headset_5000,headset,10.205389777777777
5,headset_10x16,headset_300,headset_0050,headset,3.0685424444444447
5,headset_10x16,headset_300,headset_1000,headset,5.779537555555556
5,headset_10x16,headset_300,headset_5000,headset,6.016561111111112
5,headset_10x16,headset_500,headset_0050,headset,3.0351292222222224
5,headset_10x16,headset_500,headset_1000,headset,2.9221733333333333
5,headset_10x16,headset_500,headset_5000,headset,10.153530111111113
5,headset_19x31,headset_100,headset_0050,headset,3.281422
5,headset_19x31,headset_100,headset_1000,headset,4.325873666666666
5,headset_19x31,headset_100,headset_5000,headset,8.442463777777778
5,headset_19x31,headset_300,headset_0050,headset,2.2944064444444443
5,headset_19x31,headset_300,headset_1000,headset,2.983276222222222
5,headset_19x31,headset_300,headset_5000,headset,6.072121666666667
5,headset_19x31,headset_500,headset_0050,headset,2.859198777777778
5,headset_19x31,headset_500,headset_1000,headset,2.3610774444444447
5,headset_19x31,headset_500,headset_5000,headset,10.229465333333335
7,headset_06x10,headset_100,headset_0050,headset,23.895450666666665
7,headset_06x10,headset_100,headset_1000,headset,19.560791
7,headset_06x10,headset_100,headset_5000,headset,12.888699888888889
7,headset_06x10,headset_300,headset_0050,headset,10.383165
7,headset_06x10,headset_300,headset_1000,headset,13.08127177777778
7,headset_06x10,headset_300,headset_5000,headset,16.868245
7,headset_06x10,headset_500,headset_0050,headset,14.997910888888887
7,headset_06x10,headset_500,headset_1000,headset,12.225735444444446
7,headset_06x10,headset_500,headset_5000,headset,22.268203333333336
7,headset_10x16,headset_100,headset_0050,headset,3.038845444444444
7,headset_10x16,headset_100,headset_1000,headset,15.640496444444446
7,headset_10x16,headset_100,headset_5000,headset,18.683051000000003
7,headset_10x16,headset_300,headset_0050,headset,2.7505154444444444
7,headset_10x16,headset_300,headset_1000,headset,5.085110111111112
7,headset_10x16,headset_300,headset_5000,headset,14.727553777777777
7,headset_10x16,headset_500,headset_0050,headset,5.457330222222222
7,headset_10x16,headset_500,headset_1000,headset,3.1925455555555553
7,headset_10x16,headset_500,headset_5000,headset,24.279255777777777
7,headset_19x31,headset_100,headset_0050,headset,3.6943885555555553
7,headset_19x31,headset_100,headset_1000,headset,4.675862666666667
7,headset_19x31,headset_100,headset_5000,headset,10.975754777777778
7,headset_19x31,headset_300,headset_0050,headset,2.2962646666666666
7,headset_19x31,headset_300,headset_1000,headset,3.7351243333333333
7,headset_19x31,headset_300,headset_5000,headset,15.959012444444445
7,headset_19x31,headset_500,headset_0050,headset,2.350802777777778
7,headset_19x31,headset_500,headset_1000,headset,3.5073582222222224
7,headset_19x31,headset_500,headset_5000,headset,11.854002666666666
8,headset_06x10,headset_100,headset_0050,headset,3.7303057777777777
8,headset_06x10,headset_100,headset_1000,headset,2.6207342222222225
8,headset_06x10,headset_100,headset_5000,headset,1.2980957333333334
8,headset_06x10,headset_300,headset_0050,headset,2.370442666666667
8,headset_06x10,headset_300,headset_1000,headset,3.1972046666666665
8,headset_06x10,headset_300,headset_5000,headset,1.5399983888888888
8,headset_06x10,headset_500,headset_0050,headset,2.6320664444444444
8,headset_06x10,headset_500,headset_1000,headset,2.9233058888888888
8,headset_06x10,headset_500,headset_5000,headset,2.0558066333333334
8,headset_10x16,headset_100,headset_0050,headset,1.6757881111111113
8,headset_10x16,headset_100,headset_1000,headset,2.176757777777778
8,headset_10x16,headset_100,headset_5000,headset,3.9907124444444446
8,headset_10x16,headset_300,headset_0050,headset,3.1195543333333333
8,headset_10x16,headset_300,headset_1000,headset,2.3507013333333333
8,headset_10x16,headset_300,headset_5000,headset,2.7467243333333333
8,headset_10x16,headset_500,headset_0050,headset,3.0775147777777776
8,headset_10x16,headset_500,headset_1000,headset,2.384040111111111
8,headset_10x16,headset_500,headset_5000,headset,0.7206963888888889
8,headset_19x31,headset_100,headset_0050,headset,3.461320666666667
8,headset_19x31,headset_100,headset_1000,headset,2.1421916666666667
8,headset_19x31,headset_100,headset_5000,headset,3.315633
8,headset_19x31,headset_300,headset_0050,headset,1.8040567777777778
8,headset_19x31,headset_300,headset_1000,headset,2.218695666666667
8,headset_19x31,headset_300,headset_5000,headset,2.473354888888889
8,headset_19x31,headset_500,headset_0050,headset,2.323588222222222
8,headset_19x31,headset_500,headset_1000,headset,2.2865938888888886
8,headset_19x31,headset_500,headset_5000,headset,0.8598497555555555
9,headset_06x10,headset_100,headset_0050,headset,6.766574222222222
9,headset_06x10,headset_100,headset_1000,headset,6.888780555555556
9,headset_06x10,headset_100,headset_5000,headset,6.981391111111112
9,headset_06x10,headset_300,headset_0050,headset,5.635118333333335
9,headset_06x10,headset_300,headset_1000,headset,9.277615666666668
9,headset_06x10,headset_300,headset_5000,headset,11.862793777777778
9,headset_06x10,headset_500,headset_0050,headset,5.416584888888888
9,headset_06x10,headset_500,headset_1000,headset,9.886881444444445
9,headset_06x10,headset_500,headset_5000,headset,8.736925111111113
9,headset_10x16,headset_100,headset_0050,headset,4.05365
9,headset_10x16,headset_100,headset_1000,headset,11.222051888888888
9,headset_10x16,headset_100,headset_5000,headset,12.173911
9,headset_10x16,headset_300,headset_0050,headset,6.2054583333333335
9,headset_10x16,headset_300,headset_1000,headset,10.049831888888889
9,headset_10x16,headset_300,headset_5000,headset,9.377633333333332
9,headset_10x16,headset_500,headset_0050,headset,5.183268444444444
9,headset_10x16,headset_500,headset_1000,headset,6.027696333333334
9,headset_10x16,headset_500,headset_5000,headset,6.583224666666666
9,headset_19x31,headset_100,headset_0050,headset,8.822079
9,headset_19x31,headset_100,headset_1000,headset,5.086968333333334
9,headset_19x31,headset_100,headset_5000,headset,9.432983777777778
9,headset_19x31,headset_300,headset_0050,headset,3.5469563333333327
9,headset_19x31,headset_300,headset_1000,headset,8.933403111111112
9,headset_19x31,headset_300,headset_5000,headset,9.736891333333334
9,headset_19x31,headset_500,headset_0050,headset,4.075846333333334
9,headset_19x31,headset_500,headset_1000,headset,3.9869793333333328
9,headset_19x31,headset_500,headset_5000,headset,8.712836666666668
10,headset_06x10,headset_100,headset_0050,headset,2.0381944444444446
10,headset_06x10,headset_100,headset_1000,headset,2.4214053333333334
10,headset_06x10,headset_100,headset_5000,headset,4.863179555555557
10,headset_06x10,headset_300,headset_0050,headset,2.2936672444444444
10,headset_06x10,headset_300,headset_1000,headset,2.625034
10,headset_06x10,headset_300,headset_5000,headset,4.931667777777778
10,headset_06x10,headset_500,headset_0050,headset,2.5898505555555555
10,headset_06x10,headset_500,headset_1000,headset,3.358130666666667
10,headset_06x10,headset_500,headset_5000,headset,7.414157777777778
10,headset_10x16,headset_100,headset_0050,headset,1.990058
10,headset_10x16,headset_100,headset_1000,headset,2.171490111111111
10,headset_10x16,headset_100,headset_5000,headset,4.056040333333334
10,headset_10x16,headset_300,headset_0050,headset,2.128906111111111
10,headset_10x16,headset_300,headset_1000,headset,2.3732773333333332
10,headset_10x16,headset_300,headset_5000,headset,5.016886888888888
10,headset_10x16,headset_500,headset_0050,headset,2.2696058888888886
10,headset_10x16,headset_500,headset_1000,headset,2.1714953333333336
10,headset_10x16,headset_500,headset_5000,headset,5.105699222222223
10,headset_19x31,headset_100,headset_0050,headset,1.7975386555555555
10,headset_19x31,headset_100,headset_1000,headset,1.8586222222222224
10,headset_19x31,headset_100,headset_5000,headset,3.772786333333334
10,headset_19x31,headset_300,headset_0050,headset,1.8641832222222223
10,headset_19x31,headset_300,headset_1000,headset,2.082638222222222
10,headset_19x31,headset_300,headset_5000,headset,2.5606961111111115
10,headset_19x31,headset_500,headset_0050,headset,1.7123886666666666
10,headset_19x31,headset_500,headset_1000,headset,2.078932
10,headset_19x31,headset_500,headset_5000,headset,7.018022888888889
11,headset_06x10,headset_100,headset_0050,headset,17.210476333333332
11,headset_06x10,headset_100,headset_1000,headset,24.610690333333334
11,headset_06x10,headset_100,headset_5000,headset,24.725506666666664
11,headset_06x10,headset_300,headset_0050,headset,4.466580111111111
11,headset_06x10,headset_300,headset_1000,headset,5.301758111111111
11,headset_06x10,headset_300,headset_5000,headset,24.50884377777778
11,headset_06x10,headset_500,headset_0050,headset,6.062853111111111
11,headset_06x10,headset_500,headset_1000,headset,20.54961622222222
11,headset_06x10,headset_500,headset_5000,headset,9.659098333333334
11,headset_10x16,headset_100,headset_0050,headset,3.055501444444445
11,headset_10x16,headset_100,headset_1000,headset,3.690673888888889
11,headset_10x16,headset_100,headset_5000,headset,19.784857555555554
11,headset_10x16,headset_300,headset_0050,headset,4.653632333333333
11,headset_10x16,headset_300,headset_1000,headset,5.077691
11,headset_10x16,headset_300,headset_5000,headset,17.36078522222222
11,headset_10x16,headset_500,headset_0050,headset,4.061035111111111
11,headset_10x16,headset_500,headset_1000,headset,5.736938111111111
11,headset_10x16,headset_500,headset_5000,headset,8.412842444444443
11,headset_19x31,headset_100,headset_0050,headset,6.516544
11,headset_19x31,headset_100,headset_1000,headset,3.211046
11,headset_19x31,headset_100,headset_5000,headset,17.753391555555556
11,headset_19x31,headset_300,headset_0050,headset,4.807902
11,headset_19x31,headset_300,headset_1000,headset,4.611219666666667
11,headset_19x31,headset_300,headset_5000,headset,19.292282222222227
11,headset_19x31,headset_500,headset_0050,headset,4.040669555555556
11,headset_19x31,headset_500,headset_1000,headset,3.5795761111111113
11,headset_19x31,headset_500,headset_5000,headset,7.164685888888887
12,headset_06x10,headset_100,headset_0050,headset,1.7756482222222223
12,headset_06x10,headset_100,headset_1000,headset,2.001539333333333
12,headset_06x10,headset_100,headset_5000,headset,1.7497965555555555
12,headset_06x10,headset_300,headset_0050,headset,1.521497877777778
12,headset_06x10,headset_300,headset_1000,headset,1.2080009333333332
12,headset_06x10,headset_300,headset_5000,headset,1.6942682222222223
12,headset_06x10,headset_500,headset_0050,headset,0.7564426666666667
12,headset_06x10,headset_500,headset_1000,headset,1.884318
12,headset_06x10,headset_500,headset_5000,headset,1.8053115555555554
12,headset_10x16,headset_100,headset_0050,headset,1.7497085555555556
12,headset_10x16,headset_100,headset_1000,headset,1.0882975222222224
12,headset_10x16,headset_100,headset_5000,headset,1.8768514444444446
12,headset_10x16,headset_300,headset_0050,headset,4.468230999999999
12,headset_10x16,headset_300,headset_1000,headset,1.6165162222222222
12,headset_10x16,headset_300,headset_5000,headset,1.7152507777777777
12,headset_10x16,headset_500,headset_0050,headset,3.9327023333333333
12,headset_10x16,headset_500,headset_1000,headset,1.5856797777777778
12,headset_10x16,headset_500,headset_5000,headset,1.6325207777777777
12,headset_19x31,headset_100,headset_0050,headset,5.4233197777777775
12,headset_19x31,headset_100,headset_1000,headset,1.7954914444444445
12,headset_19x31,headset_100,headset_5000,headset,1.7025044444444446
12,headset_19x31,headset_300,headset_0050,headset,1.2624783666666666
12,headset_19x31,headset_300,headset_1000,headset,1.3487616666666666
12,headset_19x31,headset_300,headset_5000,headset,1.194390322222222
12,headset_19x31,headset_500,headset_0050,headset,1.5967678888888888
12,headset_19x31,headset_500,headset_1000,headset,1.0636731222222222
12,headset_19x31,headset_500,headset_5000,headset,1.446357
13,headset_06x10,headset_100,headset_0050,headset,11.935003666666667
13,headset_06x10,headset_100,headset_1000,headset,13.395738111111111
13,headset_06x10,headset_100,headset_5000,headset,14.68310611111111
13,headset_06x10,headset_300,headset_0050,headset,9.835042222222222
13,headset_06x10,headset_300,headset_1000,headset,11.877581222222224
13,headset_06x10,headset_300,headset_5000,headset,13.590521555555556
13,headset_06x10,headset_500,headset_0050,headset,7.838758666666667
13,headset_06x10,headset_500,headset_1000,headset,7.3480362222222215
13,headset_06x10,headset_500,headset_5000,headset,9.997992555555555
13,headset_10x16,headset_100,headset_0050,headset,2.833279111111111
13,headset_10x16,headset_100,headset_1000,headset,3.1629231111111107
13,headset_10x16,headset_100,headset_5000,headset,10.640543333333333
13,headset_10x16,headset_300,headset_0050,headset,4.52771
13,headset_10x16,headset_300,headset_1000,headset,4.973985555555556
13,headset_10x16,headset_300,headset_5000,headset,18.727513444444448
13,headset_10x16,headset_500,headset_0050,headset,4.042534666666667
13,headset_10x16,headset_500,headset_1000,headset,5.938802444444445
13,headset_10x16,headset_500,headset_5000,headset,11.94796911111111
13,headset_19x31,headset_100,headset_0050,headset,5.048065222222223
13,headset_19x31,headset_100,headset_1000,headset,8.470245555555557
13,headset_19x31,headset_100,headset_5000,headset,15.244223000000002
13,headset_19x31,headset_300,headset_0050,headset,2.8769125555555553
13,headset_19x31,headset_300,headset_1000,headset,3.58884
13,headset_19x31,headset_300,headset_5000,headset,8.457275333333333
13,headset_19x31,headset_500,headset_0050,headset,3.6888564444444447
13,headset_19x31,headset_500,headset_1000,headset,4.5999213333333335
13,headset_19x31,headset_500,headset_5000,headset,11.38501688888889
14,headset_06x10,headset_100,headset_0050,headset,3.490936333333333
14,headset_06x10,headset_100,headset_1000,headset,4.193003444444444
14,headset_06x10,headset_100,headset_5000,headset,7.864132777777779
14,headset_06x10,headset_300,headset_0050,headset,2.8825886666666665
14,headset_06x10,headset_300,headset_1000,headset,14.238382333333334
14,headset_06x10,headset_300,headset_5000,headset,6.120490222222222
14,headset_06x10,headset_500,headset_0050,headset,3.5872057777777777
14,headset_06x10,headset_500,headset_1000,headset,3.1466472222222226
14,headset_06x10,headset_500,headset_5000,headset,6.960883666666667
14,headset_10x16,headset_100,headset_0050,headset,2.148315444444444
14,headset_10x16,headset_100,headset_1000,headset,3.420566222222223
14,headset_10x16,headset_100,headset_5000,headset,7.179287444444444
14,headset_10x16,headset_300,headset_0050,headset,2.1914876666666663
14,headset_10x16,headset_300,headset_1000,headset,3.210768
14,headset_10x16,headset_300,headset_5000,headset,5.701267111111111
14,headset_10x16,headset_500,headset_0050,headset,2.685072111111111
14,headset_10x16,headset_500,headset_1000,headset,2.8640678888888886
14,headset_10x16,headset_500,headset_5000,headset,6.330315777777778
14,headset_19x31,headset_100,headset_0050,headset,2.754198
14,headset_19x31,headset_100,headset_1000,headset,3.2367825555555556
14,headset_19x31,headset_100,headset_5000,headset,5.089789888888888
14,headset_19x31,headset_300,headset_0050,headset,1.764566888888889
14,headset_19x31,headset_300,headset_1000,headset,2.5826686666666667
14,headset_19x31,headset_300,headset_5000,headset,4.517578
14,headset_19x31,headset_500,headset_0050,headset,2.3779025555555555
14,headset_19x31,headset_500,headset_1000,headset,2.663167333333333
14,headset_19x31,headset_500,headset_5000,headset,5.669440888888889
15,headset_06x10,headset_100,headset_0050,headset,5.617729888888889
15,headset_06x10,headset_100,headset_1000,headset,7.739501777777779
15,headset_06x10,headset_100,headset_5000,headset,4.529947888888889
15,headset_06x10,headset_300,headset_0050,headset,3.9782986666666664
15,headset_06x10,headset_300,headset_1000,headset,10.651584111111111
15,headset_06x10,headset_300,headset_5000,headset,6.965874777777778
15,headset_06x10,headset_500,headset_0050,headset,2.1014812000000003
15,headset_06x10,headset_500,headset_1000,headset,3.952392555555556
15,headset_06x10,headset_500,headset_5000,headset,4.3855115555555555
15,headset_10x16,headset_100,headset_0050,headset,5.106208111111111
15,headset_10x16,headset_100,headset_1000,headset,7.282945444444445
15,headset_10x16,headset_100,headset_5000,headset,1.4338379444444442
15,headset_10x16,headset_300,headset_0050,headset,6.067450888888889
15,headset_10x16,headset_300,headset_1000,headset,3.5588107777777775
15,headset_10x16,headset_300,headset_5000,headset,4.9642465555555555
15,headset_10x16,headset_500,headset_0050,headset,4.606445444444445
15,headset_10x16,headset_500,headset_1000,headset,6.499240777777777
15,headset_10x16,headset_500,headset_5000,headset,5.955159222222222
15,headset_19x31,headset_100,headset_0050,headset,6.725172222222222
15,headset_19x31,headset_100,headset_1000,headset,4.354655
15,headset_19x31,headset_100,headset_5000,headset,6.146375666666668
15,headset_19x31,headset_300,headset_0050,headset,3.872287111111111
15,headset_19x31,headset_300,headset_1000,headset,9.448621555555555
15,headset_19x31,headset_300,headset_5000,headset,3.180236888888889
15,headset_19x31,headset_500,headset_0050,headset,3.9277343333333326
15,headset_19x31,headset_500,headset_1000,headset,7.733290666666666
15,headset_19x31,headset_500,headset_5000,headset,9.112359444444444
16,headset_06x10,headset_100,headset_0050,headset,5.431396444444444
16,headset_06x10,headset_100,headset_1000,headset,8.248019333333334
16,headset_06x10,headset_100,headset_5000,headset,13.453492555555556
16,headset_06x10,headset_300,headset_0050,headset,7.925808888888889
16,headset_06x10,headset_300,headset_1000,headset,9.292453666666667
16,headset_06x10,headset_300,headset_5000,headset,7.812825333333333
16,headset_06x10,headset_500,headset_0050,headset,5.388807444444445
16,headset_06x10,headset_500,headset_1000,headset,13.146078
16,headset_06x10,headset_500,headset_5000,headset,5.714735222222222
16,headset_10x16,headset_100,headset_0050,headset,5.2277016666666665
16,headset_10x16,headset_100,headset_1000,headset,4.9684244444444445
16,headset_10x16,headset_100,headset_5000,headset,6.457328777777778
16,headset_10x16,headset_300,headset_0050,headset,3.705485
16,headset_10x16,headset_300,headset_1000,headset,4.403645999999999
16,headset_10x16,headset_300,headset_5000,headset,20.392280666666668
16,headset_10x16,headset_500,headset_0050,headset,2.8406847777777773
16,headset_10x16,headset_500,headset_1000,headset,4.999917999999999
16,headset_10x16,headset_500,headset_5000,headset,2.257378477777778
16,headset_19x31,headset_100,headset_0050,headset,13.11274488888889
16,headset_19x31,headset_100,headset_1000,headset,4.668362111111111
16,headset_19x31,headset_100,headset_5000,headset,8.607286444444444
16,headset_19x31,headset_300,headset_0050,headset,3.9869792222222222
16,headset_19x31,headset_300,headset_1000,headset,4.1258680000000005
16,headset_19x31,headset_300,headset_5000,headset,15.87569133333333
16,headset_19x31,headset_500,headset_0050,headset,5.555474222222222
16,headset_19x31,headset_500,headset_1000,headset,4.421413777777778
16,headset_19x31,headset_500,headset_5000,headset,6.781385333333334
17,headset_06x10,headset_100,headset_0050,headset,3.668619888888889
17,headset_06x10,headset_100,headset_1000,headset,14.074599777777777
17,headset_06x10,headset_100,headset_5000,headset,10.900932555555555
17,headset_06x10,headset_300,headset_0050,headset,2.1631944444444446
17,headset_06x10,headset_300,headset_1000,headset,3.938802111111111
17,headset_06x10,headset_300,headset_5000,headset,4.682942555555556
17,headset_06x10,headset_500,headset_0050,headset,6.980577777777778
17,headset_06x10,headset_500,headset_1000,headset,4.280599555555556
17,headset_06x10,headset_500,headset_5000,headset,6.8262806666666656
17,headset_10x16,headset_100,headset_0050,headset,1.761935777777778
17,headset_10x16,headset_100,headset_1000,headset,14.775662222222223
17,headset_10x16,headset_100,headset_5000,headset,12.015190555555556
17,headset_10x16,headset_300,headset_0050,headset,1.6165364555555555
17,headset_10x16,headset_300,headset_1000,headset,9.274631555555555
17,headset_10x16,headset_300,headset_5000,headset,5.538194555555555
17,headset_10x16,headset_500,headset_0050,headset,2.4457464444444446
17,headset_10x16,headset_500,headset_1000,headset,3.044217111111111
17,headset_10x16,headset_500,headset_5000,headset,14.70290711111111
17,headset_19x31,headset_100,headset_0050,headset,6.991807777777779
17,headset_19x31,headset_100,headset_1000,headset,4.137478333333333
17,headset_19x31,headset_100,headset_5000,headset,19.49566
17,headset_19x31,headset_300,headset_0050,headset,1.848415788888889
17,headset_19x31,headset_300,headset_1000,headset,2.6420355555555557
17,headset_19x31,headset_300,headset_5000,headset,4.146158777777778
17,headset_19x31,headset_500,headset_0050,headset,3.112033444444444
17,headset_19x31,headset_500,headset_1000,headset,3.2354602222222217
17,headset_19x31,headset_500,headset_5000,headset,6.869085999999999
18,headset_06x10,headset_100,headset_0050,headset,6.3858237777777775
18,headset_06x10,headset_100,headset_1000,headset,13.419478000000002
18,headset_06x10,headset_100,headset_5000,headset,3.3774277777777777
18,headset_06x10,headset_300,headset_0050,headset,4.959269333333333
18,headset_06x10,headset_300,headset_1000,headset,6.669650666666666
18,headset_06x10,headset_300,headset_5000,headset,5.8873560000000005
18,headset_06x10,headset_500,headset_0050,headset,5.475111333333333
18,headset_06x10,headset_500,headset_1000,headset,4.652099444444444
18,headset_06x10,headset_500,headset_5000,headset,3.724127666666667
18,headset_10x16,headset_100,headset_0050,headset,6.6918124444444445
18,headset_10x16,headset_100,headset_1000,headset,5.997152
18,headset_10x16,headset_100,headset_5000,headset,5.054443222222222
18,headset_10x16,headset_300,headset_0050,headset,3.4403074444444446
18,headset_10x16,headset_300,headset_1000,headset,5.555311333333333
18,headset_10x16,headset_300,headset_5000,headset,3.056572888888889
18,headset_10x16,headset_500,headset_0050,headset,4.933458111111111
18,headset_10x16,headset_500,headset_1000,headset,5.733072555555556
18,headset_10x16,headset_500,headset_5000,headset,5.143201555555556
18,headset_19x31,headset_100,headset_0050,headset,3.8599157777777773
18,headset_19x31,headset_100,headset_1000,headset,5.762681777777778
18,headset_19x31,headset_100,headset_5000,headset,4.136284666666667
18,headset_19x31,headset_300,headset_0050,headset,4.563218888888889
18,headset_19x31,headset_300,headset_1000,headset,5.286404
18,headset_19x31,headset_300,headset_5000,headset,5.365390333333334
18,headset_19x31,headset_500,headset_0050,headset,5.424560444444444
18,headset_19x31,headset_500,headset_1000,headset,5.038330444444444
18,headset_19x31,headset_500,headset_5000,headset,3.087361222222222
20,headset_06x10,headset_100,headset_0050,headset,3.1740181111111108
20,headset_06x10,headset_100,headset_1000,headset,7.412841555555556
20,headset_06x10,headset_100,headset_5000,headset,11.834987444444444
20,headset_06x10,headset_300,headset_0050,headset,4.442518666666667
20,headset_06x10,headset_300,headset_1000,headset,4.7665880000000005
20,headset_06x10,headset_300,headset_5000,headset,10.233168000000001
20,headset_06x10,headset_500,headset_0050,headset,7.542466222222223
20,headset_06x10,headset_500,headset_1000,headset,4.648084777777778
20,headset_06x10,headset_500,headset_5000,headset,16.331205444444446
20,headset_10x16,headset_100,headset_0050,headset,2.344428111111111
20,headset_10x16,headset_100,headset_1000,headset,3.4721409999999997
20,headset_10x16,headset_100,headset_5000,headset,26.962063777777775
20,headset_10x16,headset_300,headset_0050,headset,2.048122777777778
20,headset_10x16,headset_300,headset_1000,headset,3.2517905555555555
20,headset_10x16,headset_300,headset_5000,headset,11.368041999999999
20,headset_10x16,headset_500,headset_0050,headset,2.729600666666667
20,headset_10x16,headset_500,headset_1000,headset,2.8333061111111113
20,headset_10x16,headset_500,headset_5000,headset,7.696152999999999
20,headset_19x31,headset_100,headset_0050,headset,4.188815666666667
20,headset_19x31,headset_100,headset_1000,headset,2.6221788888888886
20,headset_19x31,headset_100,headset_5000,headset,9.310953666666666
20,headset_19x31,headset_300,headset_0050,headset,4.227708666666667
20,headset_19x31,headset_300,headset_1000,headset,2.557373
20,headset_19x31,headset_300,headset_5000,headset,5.342502333333333
20,headset_19x31,headset_500,headset_0050,headset,3.5480957777777777
20,headset_19x31,headset_500,headset_1000,headset,2.642550888888889
20,headset_19x31,headset_500,headset_5000,headset,9.344293
1,monitor_06x10,monitor_100,monitor_0050,monitor,3.067721888888889
1,monitor_06x10,monitor_100,monitor_1000,monitor,6.875664666666667
1,monitor_06x10,monitor_100,monitor_5000,monitor,5.921847333333333
1,monitor_06x10,monitor_300,monitor_0050,monitor,5.0234512222222225
1,monitor_06x10,monitor_300,monitor_1000,monitor,4.785414
1,monitor_06x10,monitor_300,monitor_5000,monitor,33.596286
1,monitor_06x10,monitor_500,monitor_0050,monitor,4.4694139999999996
1,monitor_06x10,monitor_500,monitor_1000,monitor,7.297791111111112
1,monitor_06x10,monitor_500,monitor_5000,monitor,9.223972777777776
1,monitor_10x16,monitor_100,monitor_0050,monitor,3.039171
1,monitor_10x16,monitor_100,monitor_1000,monitor,6.097099777777778
1,monitor_10x16,monitor_100,monitor_5000,monitor,8.287353666666668
1,monitor_10x16,monitor_300,monitor_0050,monitor,5.904564777777778
1,monitor_10x16,monitor_300,monitor_1000,monitor,5.373650888888889
1,monitor_10x16,monitor_300,monitor_5000,monitor,7.398844666666666
1,monitor_10x16,monitor_500,monitor_0050,monitor,4.411458333333333
1,monitor_10x16,monitor_500,monitor_1000,monitor,2.725884111111111
1,monitor_10x16,monitor_500,monitor_5000,monitor,7.848022666666667
1,monitor_19x31,monitor_100,monitor_0050,monitor,9.145029555555556
1,monitor_19x31,monitor_100,monitor_1000,monitor,3.1490343333333333
1,monitor_19x31,monitor_100,monitor_5000,monitor,5.807074666666667
1,monitor_19x31,monitor_300,monitor_0050,monitor,2.309977111111111
1,monitor_19x31,monitor_300,monitor_1000,monitor,3.741346555555555
1,monitor_19x31,monitor_300,monitor_5000,monitor,5.450439555555556
1,monitor_19x31,monitor_500,monitor_0050,monitor,5.483708888888889
1,monitor_19x31,monitor_500,monitor_1000,monitor,7.143419666666666
1,monitor_19x31,monitor_500,monitor_5000,monitor,17.110005222222224
3,monitor_06x10,monitor_100,monitor_0050,monitor,2.551893333333333
3,monitor_06x10,monitor_100,monitor_1000,monitor,25.65553222222222
3,monitor_06x10,monitor_100,monitor_5000,monitor,15.308838333333334
3,monitor_06x10,monitor_300,monitor_0050,monitor,6.1019968888888885
3,monitor_06x10,monitor_300,monitor_1000,monitor,11.220511777777778
3,monitor_06x10,monitor_300,monitor_5000,monitor,17.012668111111115
3,monitor_06x10,monitor_500,monitor_0050,monitor,9.66194611111111
3,monitor_06x10,monitor_500,monitor_1000,monitor,15.411050999999999
3,monitor_06x10,monitor_500,monitor_5000,monitor,9.666911111111112
3,monitor_10x16,monitor_100,monitor_0050,monitor,5.635552
3,monitor_10x16,monitor_100,monitor_1000,monitor,8.511989333333332
3,monitor_10x16,monitor_100,monitor_5000,monitor,9.950629222222224
3,monitor_10x16,monitor_300,monitor_0050,monitor,9.71632188888889
3,monitor_10x16,monitor_300,monitor_1000,monitor,3.998074111111111
3,monitor_10x16,monitor_300,monitor_5000,monitor,7.798692555555555
3,monitor_10x16,monitor_500,monitor_0050,monitor,3.5451931111111112
3,monitor_10x16,monitor_500,monitor_1000,monitor,6.105739777777778
3,monitor_10x16,monitor_500,monitor_5000,monitor,20.102606666666667
3,monitor_19x31,monitor_100,monitor_0050,monitor,28.169025555555557
3,monitor_19x31,monitor_100,monitor_1000,monitor,9.493028444444445
3,monitor_19x31,monitor_100,monitor_5000,monitor,6.792968
3,monitor_19x31,monitor_300,monitor_0050,monitor,2.464192777777778
3,monitor_19x31,monitor_300,monitor_1000,monitor,3.3008626666666667
3,monitor_19x31,monitor_300,monitor_5000,monitor,5.685899444444445
3,monitor_19x31,monitor_500,monitor_0050,monitor,3.245334222222222
3,monitor_19x31,monitor_500,monitor_1000,monitor,4.930989666666666
3,monitor_19x31,monitor_500,monitor_5000,monitor,8.127007444444445
4,monitor_06x10,monitor_100,monitor_0050,monitor,2.407497888888889
4,monitor_06x10,monitor_100,monitor_1000,monitor,14.289388444444446
4,monitor_06x10,monitor_100,monitor_5000,monitor,14.309109666666664
4,monitor_06x10,monitor_300,monitor_0050,monitor,4.170844444444445
4,monitor_06x10,monitor_300,monitor_1000,monitor,7.996148333333333
4,monitor_06x10,monitor_300,monitor_5000,monitor,14.83230211111111
4,monitor_06x10,monitor_500,monitor_0050,monitor,9.193060999999998
4,monitor_06x10,monitor_500,monitor_1000,monitor,9.716281444444446
4,monitor_06x10,monitor_500,monitor_5000,monitor,9.701470777777779
4,monitor_10x16,monitor_100,monitor_0050,monitor,4.4805501111111115
4,monitor_10x16,monitor_100,monitor_1000,monitor,3.896864111111111
4,monitor_10x16,monitor_100,monitor_5000,monitor,12.509996888888889
4,monitor_10x16,monitor_300,monitor_0050,monitor,3.340386222222222
4,monitor_10x16,monitor_300,monitor_1000,monitor,4.305284333333334
4,monitor_10x16,monitor_300,monitor_5000,monitor,16.246474222222222
4,monitor_10x16,monitor_500,monitor_0050,monitor,5.447889666666666
4,monitor_10x16,monitor_500,monitor_1000,monitor,7.144694222222223
4,monitor_10x16,monitor_500,monitor_5000,monitor,11.675904333333333
4,monitor_19x31,monitor_100,monitor_0050,monitor,18.12098466666667
4,monitor_19x31,monitor_100,monitor_1000,monitor,5.095106333333333
4,monitor_19x31,monitor_100,monitor_5000,monitor,6.748263555555557
4,monitor_19x31,monitor_300,monitor_0050,monitor,3.2268201111111114
4,monitor_19x31,monitor_300,monitor_1000,monitor,3.5378008888888886
4,monitor_19x31,monitor_300,monitor_5000,monitor,7.9014756666666655
4,monitor_19x31,monitor_500,monitor_0050,monitor,3.7278374444444444
4,monitor_19x31,monitor_500,monitor_1000,monitor,6.174764
4,monitor_19x31,monitor_500,monitor_5000,monitor,14.741053222222225
5,monitor_06x10,monitor_100,monitor_0050,monitor,3.073811888888889
5,monitor_06x10,monitor_100,monitor_1000,monitor,12.448323111111112
5,monitor_06x10,monitor_100,monitor_5000,monitor,10.026028
5,monitor_06x10,monitor_300,monitor_0050,monitor,6.213080555555556
5,monitor_06x10,monitor_300,monitor_1000,monitor,8.711819444444442
5,monitor_06x10,monitor_300,monitor_5000,monitor,10.361626333333332
5,monitor_06x10,monitor_500,monitor_0050,monitor,5.842881888888889
5,monitor_06x10,monitor_500,monitor_1000,monitor,10.847845666666666
5,monitor_06x10,monitor_500,monitor_5000,monitor,8.747659777777777
5,monitor_10x16,monitor_100,monitor_0050,monitor,3.3785671111111113
5,monitor_10x16,monitor_100,monitor_1000,monitor,5.850246888888889
5,monitor_10x16,monitor_100,monitor_5000,monitor,13.910624444444444
5,monitor_10x16,monitor_300,monitor_0050,monitor,2.493923555555556
5,monitor_10x16,monitor_300,monitor_1000,monitor,5.686180888888889
5,monitor_10x16,monitor_300,monitor_5000,monitor,14.590494888888887
5,monitor_10x16,monitor_500,monitor_0050,monitor,3.865926111111111
5,monitor_10x16,monitor_500,monitor_1000,monitor,7.057111777777778
5,monitor_10x16,monitor_500,monitor_5000,monitor,10.915757666666666
5,monitor_19x31,monitor_100,monitor_0050,monitor,6.566018777777777
5,monitor_19x31,monitor_100,monitor_1000,monitor,8.62426088888889
5,monitor_19x31,monitor_100,monitor_5000,monitor,15.039618222222222
5,monitor_19x31,monitor_300,monitor_0050,monitor,2.8640001111111113
5,monitor_19x31,monitor_300,monitor_1000,monitor,5.419610111111112
5,monitor_19x31,monitor_300,monitor_5000,monitor,9.963283888888888
5,monitor_19x31,monitor_500,monitor_0050,monitor,3.7228733333333333
5,monitor_19x31,monitor_500,monitor_1000,monitor,8.034430555555554
5,monitor_19x31,monitor_500,monitor_5000,monitor,11.937133777777778
7,monitor_06x10,monitor_100,monitor_0050,monitor,8.318224444444446
7,monitor_06x10,monitor_100,monitor_1000,monitor,10.719374111111112
7,monitor_06x10,monitor_100,monitor_5000,monitor,8.67233611111111
7,monitor_06x10,monitor_300,monitor_0050,monitor,6.778239444444444
7,monitor_06x10,monitor_300,monitor_1000,monitor,8.151678777777779
7,monitor_06x10,monitor_300,monitor_5000,monitor,14.293185666666666
7,monitor_06x10,monitor_500,monitor_0050,monitor,6.636244111111112
7,monitor_06x10,monitor_500,monitor_1000,monitor,10.781257777777776
7,monitor_06x10,monitor_500,monitor_5000,monitor,9.83477011111111
7,monitor_10x16,monitor_100,monitor_0050,monitor,2.711046111111111
7,monitor_10x16,monitor_100,monitor_1000,monitor,7.994262222222223
7,monitor_10x16,monitor_100,monitor_5000,monitor,9.431260777777778
7,monitor_10x16,monitor_300,monitor_0050,monitor,3.108371222222222
7,monitor_10x16,monitor_300,monitor_1000,monitor,4.707600888888889
7,monitor_10x16,monitor_300,monitor_5000,monitor,12.291612333333333
7,monitor_10x16,monitor_500,monitor_0050,monitor,4.468180333333334
7,monitor_10x16,monitor_500,monitor_1000,monitor,5.459065666666667
7,monitor_10x16,monitor_500,monitor_5000,monitor,7.744397444444445
7,monitor_19x31,monitor_100,monitor_0050,monitor,5.509647111111111
7,monitor_19x31,monitor_100,monitor_1000,monitor,4.157253666666667
7,monitor_19x31,monitor_100,monitor_5000,monitor,8.357747333333334
7,monitor_19x31,monitor_300,monitor_0050,monitor,2.609795444444444
7,monitor_19x31,monitor_300,monitor_1000,monitor,3.4353164444444446
7,monitor_19x31,monitor_300,monitor_5000,monitor,9.548353333333333
7,monitor_19x31,monitor_500,monitor_0050,monitor,6.3549227777777775
7,monitor_19x31,monitor_500,monitor_1000,monitor,4.127631444444445
7,monitor_19x31,monitor_500,monitor_5000,monitor,9.631130555555554
8,monitor_06x10,monitor_100,monitor_0050,monitor,3.814751555555555
8,monitor_06x10,monitor_100,monitor_1000,monitor,2.9795872222222224
8,monitor_06x10,monitor_100,monitor_5000,monitor,4.940667111111112
8,monitor_06x10,monitor_300,monitor_0050,monitor,13.155333444444445
8,monitor_06x10,monitor_300,monitor_1000,monitor,3.951795666666667
8,monitor_06x10,monitor_300,monitor_5000,monitor,7.359131444444444
8,monitor_06x10,monitor_500,monitor_0050,monitor,6.859150777777778
8,monitor_06x10,monitor_500,monitor_1000,monitor,4.020304666666666
8,monitor_06x10,monitor_500,monitor_5000,monitor,5.027693222222222
8,monitor_10x16,monitor_100,monitor_0050,monitor,2.792561888888889
8,monitor_10x16,monitor_100,monitor_1000,monitor,3.4018013333333332
8,monitor_10x16,monitor_100,monitor_5000,monitor,8.710951222222223
8,monitor_10x16,monitor_300,monitor_0050,monitor,2.9166123333333336
8,monitor_10x16,monitor_300,monitor_1000,monitor,2.453654111111111
8,monitor_10x16,monitor_300,monitor_5000,monitor,6.362860444444444
8,monitor_10x16,monitor_500,monitor_0050,monitor,3.3388536666666666
8,monitor_10x16,monitor_500,monitor_1000,monitor,5.629530222222223
8,monitor_10x16,monitor_500,monitor_5000,monitor,6.727669888888889
8,monitor_19x31,monitor_100,monitor_0050,monitor,4.842510666666667
8,monitor_19x31,monitor_100,monitor_1000,monitor,2.177734444444445
8,monitor_19x31,monitor_100,monitor_5000,monitor,3.2277291111111115
8,monitor_19x31,monitor_300,monitor_0050,monitor,4.01289211111111
8,monitor_19x31,monitor_300,monitor_1000,monitor,2.592543
8,monitor_19x31,monitor_300,monitor_5000,monitor,3.2666152222222227
8,monitor_19x31,monitor_500,monitor_0050,monitor,2.516615
8,monitor_19x31,monitor_500,monitor_1000,monitor,4.725850444444445
8,monitor_19x31,monitor_500,monitor_5000,monitor,4.070312666666666
9,monitor_06x10,monitor_100,monitor_0050,monitor,4.320136222222222
9,monitor_06x10,monitor_100,monitor_1000,monitor,2.418565555555556
9,monitor_06x10,monitor_100,monitor_5000,monitor,2.9738634444444445
9,monitor_06x10,monitor_300,monitor_0050,monitor,4.405300333333333
9,monitor_06x10,monitor_300,monitor_1000,monitor,5.927965222222222
9,monitor_06x10,monitor_300,monitor_5000,monitor,2.0643717777777777
9,monitor_06x10,monitor_500,monitor_0050,monitor,4.083245333333333
9,monitor_06x10,monitor_500,monitor_1000,monitor,4.260952444444444
9,monitor_06x10,monitor_500,monitor_5000,monitor,2.2643635555555557
9,monitor_10x16,monitor_100,monitor_0050,monitor,3.8055555555555554
9,monitor_10x16,monitor_100,monitor_1000,monitor,8.535428000000001
9,monitor_10x16,monitor_100,monitor_5000,monitor,4.690320777777777
9,monitor_10x16,monitor_300,monitor_0050,monitor,4.538601333333333
9,monitor_10x16,monitor_300,monitor_1000,monitor,2.5432264444444446
9,monitor_10x16,monitor_300,monitor_5000,monitor,2.7184923333333333
9,monitor_10x16,monitor_500,monitor_0050,monitor,2.282769111111111
9,monitor_10x16,monitor_500,monitor_1000,monitor,3.2169594444444445
9,monitor_10x16,monitor_500,monitor_5000,monitor,2.566637
9,monitor_19x31,monitor_100,monitor_0050,monitor,8.959899555555555
9,monitor_19x31,monitor_100,monitor_1000,monitor,2.212483666666667
9,monitor_19x31,monitor_100,monitor_5000,monitor,4.718736444444444
9,monitor_19x31,monitor_300,monitor_0050,monitor,3.592122444444445
9,monitor_19x31,monitor_300,monitor_1000,monitor,6.820157333333333
9,monitor_19x31,monitor_300,monitor_5000,monitor,4.995107111111111
9,monitor_19x31,monitor_500,monitor_0050,monitor,4.1473931111111115
9,monitor_19x31,monitor_500,monitor_1000,monitor,2.4173447777777777
9,monitor_19x31,monitor_500,monitor_5000,monitor,3.0084094444444442
10,monitor_06x10,monitor_100,monitor_0050,monitor,18.267959444444443
10,monitor_06x10,monitor_100,monitor_1000,monitor,43.274277777777776
10,monitor_06x10,monitor_100,monitor_5000,monitor,6.675564111111111
10,monitor_06x10,monitor_300,monitor_0050,monitor,18.76774088888889
10,monitor_06x10,monitor_300,monitor_1000,monitor,17.925402444444444
10,monitor_06x10,monitor_300,monitor_5000,monitor,10.016980666666665
10,monitor_06x10,monitor_500,monitor_0050,monitor,32.49081666666667
10,monitor_06x10,monitor_500,monitor_1000,monitor,41.89881555555556
10,monitor_06x10,monitor_500,monitor_5000,monitor,21.701958222222217
10,monitor_10x16,monitor_100,monitor_0050,monitor,6.114610444444445
10,monitor_10x16,monitor_100,monitor_1000,monitor,7.095730444444445
10,monitor_10x16,monitor_100,monitor_5000,monitor,15.496637555555557
10,monitor_10x16,monitor_300,monitor_0050,monitor,5.279703777777779
10,monitor_10x16,monitor_300,monitor_1000,monitor,10.165065777777778
10,monitor_10x16,monitor_300,monitor_5000,monitor,10.948134333333332
10,monitor_10x16,monitor_500,monitor_0050,monitor,6.638509333333333
10,monitor_10x16,monitor_500,monitor_1000,monitor,10.979629555555556
10,monitor_10x16,monitor_500,monitor_5000,monitor,9.159884333333332
10,monitor_19x31,monitor_100,monitor_0050,monitor,6.466336
10,monitor_19x31,monitor_100,monitor_1000,monitor,7.277181555555554
10,monitor_19x31,monitor_100,monitor_5000,monitor,24.230739777777778
10,monitor_19x31,monitor_300,monitor_0050,monitor,4.748372444444445
10,monitor_19x31,monitor_300,monitor_1000,monitor,8.208333000000001
10,monitor_19x31,monitor_300,monitor_5000,monitor,17.655163333333334
10,monitor_19x31,monitor_500,monitor_0050,monitor,5.077908
10,monitor_19x31,monitor_500,monitor_1000,monitor,6.597791777777778
10,monitor_19x31,monitor_500,monitor_5000,monitor,11.686795333333333
11,monitor_06x10,monitor_100,monitor_0050,monitor,5.662651444444445
11,monitor_06x10,monitor_100,monitor_1000,monitor,4.884033222222222
11,monitor_06x10,monitor_100,monitor_5000,monitor,8.58962688888889
11,monitor_06x10,monitor_300,monitor_0050,monitor,7.190327666666668
11,monitor_06x10,monitor_300,monitor_1000,monitor,5.2122255555555554
11,monitor_06x10,monitor_300,monitor_5000,monitor,6.233968555555555
11,monitor_06x10,monitor_500,monitor_0050,monitor,3.6217313333333334
11,monitor_06x10,monitor_500,monitor_1000,monitor,6.247640333333333
11,monitor_06x10,monitor_500,monitor_5000,monitor,5.671346
11,monitor_10x16,monitor_100,monitor_0050,monitor,5.232068777777777
11,monitor_10x16,monitor_100,monitor_1000,monitor,4.559516111111112
11,monitor_10x16,monitor_100,monitor_5000,monitor,4.703925333333333
11,monitor_10x16,monitor_300,monitor_0050,monitor,4.409010222222221
11,monitor_10x16,monitor_300,monitor_1000,monitor,6.443793222222222
11,monitor_10x16,monitor_300,monitor_5000,monitor,7.081746222222222
11,monitor_10x16,monitor_500,monitor_0050,monitor,4.125162777777778
11,monitor_10x16,monitor_500,monitor_1000,monitor,3.1725397777777777
11,monitor_10x16,monitor_500,monitor_5000,monitor,4.3966199999999995
11,monitor_19x31,monitor_100,monitor_0050,monitor,8.145352888888889
11,monitor_19x31,monitor_100,monitor_1000,monitor,8.365115444444445
11,monitor_19x31,monitor_100,monitor_5000,monitor,10.69451222222222
11,monitor_19x31,monitor_300,monitor_0050,monitor,4.015333333333334
11,monitor_19x31,monitor_300,monitor_1000,monitor,4.988925
11,monitor_19x31,monitor_300,monitor_5000,monitor,4.294203111111112
11,monitor_19x31,monitor_500,monitor_0050,monitor,9.52379
11,monitor_19x31,monitor_500,monitor_1000,monitor,5.418320888888889
11,monitor_19x31,monitor_500,monitor_5000,monitor,8.040527222222222
12,monitor_06x10,monitor_100,monitor_0050,monitor,1.6184896666666668
12,monitor_06x10,monitor_100,monitor_1000,monitor,1.8907063333333332
12,monitor_06x10,monitor_100,monitor_5000,monitor,9.314663222222222
12,monitor_06x10,monitor_300,monitor_0050,monitor,2.7592095555555556
12,monitor_06x10,monitor_300,monitor_1000,monitor,2.353651222222222
12,monitor_06x10,monitor_300,monitor_5000,monitor,1.683309
12,monitor_06x10,monitor_500,monitor_0050,monitor,1.8851453333333335
12,monitor_06x10,monitor_500,monitor_1000,monitor,2.0777452555555556
12,monitor_06x10,monitor_500,monitor_5000,monitor,1.9332954444444443
12,monitor_10x16,monitor_100,monitor_0050,monitor,2.5777316666666668
12,monitor_10x16,monitor_100,monitor_1000,monitor,2.127739777777778
12,monitor_10x16,monitor_100,monitor_5000,monitor,12.210903444444446
12,monitor_10x16,monitor_300,monitor_0050,monitor,2.6258816666666664
12,monitor_10x16,monitor_300,monitor_1000,monitor,1.9758978888888887
12,monitor_10x16,monitor_300,monitor_5000,monitor,1.7592232222222222
12,monitor_10x16,monitor_500,monitor_0050,monitor,3.2666152222222227
12,monitor_10x16,monitor_500,monitor_1000,monitor,3.1166180000000008
12,monitor_10x16,monitor_500,monitor_5000,monitor,3.0536431111111115
12,monitor_19x31,monitor_100,monitor_0050,monitor,5.948041777777778
12,monitor_19x31,monitor_100,monitor_1000,monitor,1.8536785555555555
12,monitor_19x31,monitor_100,monitor_5000,monitor,2.555528555555556
12,monitor_19x31,monitor_300,monitor_0050,monitor,3.1388414444444446
12,monitor_19x31,monitor_300,monitor_1000,monitor,3.4869453333333333
12,monitor_19x31,monitor_300,monitor_5000,monitor,2.0851507777777774
12,monitor_19x31,monitor_500,monitor_0050,monitor,2.412923222222222
12,monitor_19x31,monitor_500,monitor_1000,monitor,2.5629203333333335
12,monitor_19x31,monitor_500,monitor_5000,monitor,2.272176
13,monitor_06x10,monitor_100,monitor_0050,monitor,6.87813988888889
13,monitor_06x10,monitor_100,monitor_1000,monitor,16.078626444444446
13,monitor_06x10,monitor_100,monitor_5000,monitor,5.668891222222222
13,monitor_06x10,monitor_300,monitor_0050,monitor,5.265299444444444
13,monitor_06x10,monitor_300,monitor_1000,monitor,7.981296222222222
13,monitor_06x10,monitor_300,monitor_5000,monitor,4.723633333333334
13,monitor_06x10,monitor_500,monitor_0050,monitor,8.403320555555556
13,monitor_06x10,monitor_500,monitor_1000,monitor,11.689419000000001
13,monitor_06x10,monitor_500,monitor_5000,monitor,7.735718333333334
13,monitor_10x16,monitor_100,monitor_0050,monitor,5.191311222222222
13,monitor_10x16,monitor_100,monitor_1000,monitor,7.523519222222221
13,monitor_10x16,monitor_100,monitor_5000,monitor,5.013617666666667
13,monitor_10x16,monitor_300,monitor_0050,monitor,2.654296666666667
13,monitor_10x16,monitor_300,monitor_1000,monitor,5.440572222222222
13,monitor_10x16,monitor_300,monitor_5000,monitor,6.388292888888889
13,monitor_10x16,monitor_500,monitor_0050,monitor,3.4835070000000004
13,monitor_10x16,monitor_500,monitor_1000,monitor,6.227871
13,monitor_10x16,monitor_500,monitor_5000,monitor,7.048380555555556
13,monitor_19x31,monitor_100,monitor_0050,monitor,6.629004444444444
13,monitor_19x31,monitor_100,monitor_1000,monitor,4.9210344444444445
13,monitor_19x31,monitor_100,monitor_5000,monitor,9.721245777777776
13,monitor_19x31,monitor_300,monitor_0050,monitor,2.8319227777777782
13,monitor_19x31,monitor_300,monitor_1000,monitor,8.423027666666668
13,monitor_19x31,monitor_300,monitor_5000,monitor,12.717604444444444
13,monitor_19x31,monitor_500,monitor_0050,monitor,4.749579222222222
13,monitor_19x31,monitor_500,monitor_1000,monitor,8.737725000000001
13,monitor_19x31,monitor_500,monitor_5000,monitor,6.574381333333334
14,monitor_06x10,monitor_100,monitor_0050,monitor,4.346232222222222
14,monitor_06x10,monitor_100,monitor_1000,monitor,3.514757
14,monitor_06x10,monitor_100,monitor_5000,monitor,13.409028444444445
14,monitor_06x10,monitor_300,monitor_0050,monitor,3.548990888888889
14,monitor_06x10,monitor_300,monitor_1000,monitor,14.018311222222222
14,monitor_06x10,monitor_300,monitor_5000,monitor,6.542481111111112
14,monitor_06x10,monitor_500,monitor_0050,monitor,4.555487777777778
14,monitor_06x10,monitor_500,monitor_1000,monitor,4.638821222222222
14,monitor_06x10,monitor_500,monitor_5000,monitor,14.51458788888889
14,monitor_10x16,monitor_100,monitor_0050,monitor,2.1703288888888888
14,monitor_10x16,monitor_100,monitor_1000,monitor,5.2239988888888895
14,monitor_10x16,monitor_100,monitor_5000,monitor,13.801648666666667
14,monitor_10x16,monitor_300,monitor_0050,monitor,2.780734444444444
14,monitor_10x16,monitor_300,monitor_1000,monitor,5.277710444444445
14,monitor_10x16,monitor_300,monitor_5000,monitor,11.964618999999999
14,monitor_10x16,monitor_500,monitor_0050,monitor,4.557339222222222
14,monitor_10x16,monitor_500,monitor_1000,monitor,3.5277236666666663
14,monitor_10x16,monitor_500,monitor_5000,monitor,13.633137777777776
14,monitor_19x31,monitor_100,monitor_0050,monitor,3.170315222222222
14,monitor_19x31,monitor_100,monitor_1000,monitor,3.757846444444444
14,monitor_19x31,monitor_100,monitor_5000,monitor,7.833211222222222
14,monitor_19x31,monitor_300,monitor_0050,monitor,3.4147677777777776
14,monitor_19x31,monitor_300,monitor_1000,monitor,4.246229333333334
14,monitor_19x31,monitor_300,monitor_5000,monitor,11.014649222222221
14,monitor_19x31,monitor_500,monitor_0050,monitor,2.035156222222222
14,monitor_19x31,monitor_500,monitor_1000,monitor,3.3499484444444443
14,monitor_19x31,monitor_500,monitor_5000,monitor,5.992485666666667
15,monitor_06x10,monitor_100,monitor_0050,monitor,0.8944329666666668
15,monitor_06x10,monitor_100,monitor_1000,monitor,0.7499864444444445
15,monitor_06x10,monitor_100,monitor_5000,monitor,0.9221938222222222
15,monitor_06x10,monitor_300,monitor_0050,monitor,4.886961111111111
15,monitor_06x10,monitor_300,monitor_1000,monitor,0.3166639811111111
15,monitor_06x10,monitor_300,monitor_5000,monitor,0.5536770222222223
15,monitor_06x10,monitor_500,monitor_0050,monitor,0.3722127322222223
15,monitor_06x10,monitor_500,monitor_1000,monitor,0.4925808666666668
15,monitor_06x10,monitor_500,monitor_5000,monitor,1.8499645555555557
15,monitor_10x16,monitor_100,monitor_0050,monitor,3.9832594444444447
15,monitor_10x16,monitor_100,monitor_1000,monitor,0.4073995
15,monitor_10x16,monitor_100,monitor_5000,monitor,0.4999932111111111
15,monitor_10x16,monitor_300,monitor_0050,monitor,3.477718777777778
15,monitor_10x16,monitor_300,monitor_1000,monitor,0.2425808444444445
15,monitor_10x16,monitor_300,monitor_5000,monitor,0.24445257555555555
15,monitor_10x16,monitor_500,monitor_0050,monitor,0.24258762222222222
15,monitor_10x16,monitor_500,monitor_1000,monitor,0.3796047633333333
15,monitor_10x16,monitor_500,monitor_5000,monitor,1.8036769666666668
15,monitor_19x31,monitor_100,monitor_0050,monitor,4.607335111111111
15,monitor_19x31,monitor_100,monitor_1000,monitor,0.3518473222222222
15,monitor_19x31,monitor_100,monitor_5000,monitor,0.7425774444444444
15,monitor_19x31,monitor_300,monitor_0050,monitor,0.21666123999999998
15,monitor_19x31,monitor_300,monitor_1000,monitor,0.3240695555555556
15,monitor_19x31,monitor_300,monitor_5000,monitor,1.6221957666666666
15,monitor_19x31,monitor_500,monitor_0050,monitor,0.27036540000000003
15,monitor_19x31,monitor_500,monitor_1000,monitor,0.592583611111111
15,monitor_19x31,monitor_500,monitor_5000,monitor,0.6462842666666666
16,monitor_06x10,monitor_100,monitor_0050,monitor,5.156768888888888
16,monitor_06x10,monitor_100,monitor_1000,monitor,1.9904106666666668
16,monitor_06x10,monitor_100,monitor_5000,monitor,2.269232888888889
16,monitor_06x10,monitor_300,monitor_0050,monitor,3.5328642222222224
16,monitor_06x10,monitor_300,monitor_1000,monitor,1.9521213333333334
16,monitor_06x10,monitor_300,monitor_5000,monitor,2.967705444444445
16,monitor_06x10,monitor_500,monitor_0050,monitor,3.6377225555555555
16,monitor_06x10,monitor_500,monitor_1000,monitor,2.3716295555555553
16,monitor_06x10,monitor_500,monitor_5000,monitor,2.4852496666666664
16,monitor_10x16,monitor_100,monitor_0050,monitor,4.2411158888888885
16,monitor_10x16,monitor_100,monitor_1000,monitor,7.455586999999999
16,monitor_10x16,monitor_100,monitor_5000,monitor,1.9447156666666667
16,monitor_10x16,monitor_300,monitor_0050,monitor,2.9282634444444446
16,monitor_10x16,monitor_300,monitor_1000,monitor,5.127095444444445
16,monitor_10x16,monitor_300,monitor_5000,monitor,4.060974222222223
16,monitor_10x16,monitor_500,monitor_0050,monitor,6.085958222222222
16,monitor_10x16,monitor_500,monitor_1000,monitor,3.6759846666666665
16,monitor_10x16,monitor_500,monitor_5000,monitor,1.9213459999999998
16,monitor_19x31,monitor_100,monitor_0050,monitor,5.638019222222222
16,monitor_19x31,monitor_100,monitor_1000,monitor,4.216430777777777
16,monitor_19x31,monitor_100,monitor_5000,monitor,1.4943305555555555
16,monitor_19x31,monitor_300,monitor_0050,monitor,2.264377222222222
16,monitor_19x31,monitor_300,monitor_1000,monitor,4.158474333333334
16,monitor_19x31,monitor_300,monitor_5000,monitor,2.178019
16,monitor_19x31,monitor_500,monitor_0050,monitor,3.920349
16,monitor_19x31,monitor_500,monitor_1000,monitor,2.7208862222222217
16,monitor_19x31,monitor_500,monitor_5000,monitor,1.8349440333333331
17,monitor_06x10,monitor_100,monitor_0050,monitor,3.0480923333333334
17,monitor_06x10,monitor_100,monitor_1000,monitor,4.985107333333334
17,monitor_06x10,monitor_100,monitor_5000,monitor,4.124016777777778
17,monitor_06x10,monitor_300,monitor_0050,monitor,1.8870035555555553
17,monitor_06x10,monitor_300,monitor_1000,monitor,2.3295898888888886
17,monitor_06x10,monitor_300,monitor_5000,monitor,4.356899555555555
17,monitor_06x10,monitor_500,monitor_0050,monitor,3.2832779999999997
17,monitor_06x10,monitor_500,monitor_1000,monitor,5.05731888888889
17,monitor_06x10,monitor_500,monitor_5000,monitor,5.673977555555556
17,monitor_10x16,monitor_100,monitor_0050,monitor,1.6184964444444443
17,monitor_10x16,monitor_100,monitor_1000,monitor,3.6851264444444443
17,monitor_10x16,monitor_100,monitor_5000,monitor,2.809204222222222
17,monitor_10x16,monitor_300,monitor_0050,monitor,1.8536783666666667
17,monitor_10x16,monitor_300,monitor_1000,monitor,3.144375222222222
17,monitor_10x16,monitor_300,monitor_5000,monitor,4.118448888888889
17,monitor_10x16,monitor_500,monitor_0050,monitor,1.4444309333333334
17,monitor_10x16,monitor_500,monitor_1000,monitor,2.6073675555555553
17,monitor_10x16,monitor_500,monitor_5000,monitor,3.3147514444444446
17,monitor_19x31,monitor_100,monitor_0050,monitor,1.6129317666666667
17,monitor_19x31,monitor_100,monitor_1000,monitor,2.544399888888889
17,monitor_19x31,monitor_100,monitor_5000,monitor,4.629547333333333
17,monitor_19x31,monitor_300,monitor_0050,monitor,1.466647677777778
17,monitor_19x31,monitor_300,monitor_1000,monitor,1.7295939777777778
17,monitor_19x31,monitor_300,monitor_5000,monitor,4.512885333333333
17,monitor_19x31,monitor_500,monitor_0050,monitor,2.7221747777777776
17,monitor_19x31,monitor_500,monitor_1000,monitor,1.5981038888888888
17,monitor_19x31,monitor_500,monitor_5000,monitor,3.851779777777778
18,monitor_06x10,monitor_100,monitor_0050,monitor,9.194282222222222
18,monitor_06x10,monitor_100,monitor_1000,monitor,23.934786222222225
18,monitor_06x10,monitor_100,monitor_5000,monitor,32.41052333333333
18,monitor_06x10,monitor_300,monitor_0050,monitor,7.207274888888888
18,monitor_06x10,monitor_300,monitor_1000,monitor,5.975802888888889
18,monitor_06x10,monitor_300,monitor_5000,monitor,19.521890999999997
18,monitor_06x10,monitor_500,monitor_0050,monitor,24.130609888888888
18,monitor_06x10,monitor_500,monitor_1000,monitor,8.631320333333333
18,monitor_06x10,monitor_500,monitor_5000,monitor,13.579400111111111
18,monitor_10x16,monitor_100,monitor_0050,monitor,5.703586777777779
18,monitor_10x16,monitor_100,monitor_1000,monitor,5.966579333333333
18,monitor_10x16,monitor_100,monitor_5000,monitor,12.077582
18,monitor_10x16,monitor_300,monitor_0050,monitor,3.920301666666667
18,monitor_10x16,monitor_300,monitor_1000,monitor,5.679525111111111
18,monitor_10x16,monitor_300,monitor_5000,monitor,6.723958333333333
18,monitor_10x16,monitor_500,monitor_0050,monitor,5.0147028888888885
18,monitor_10x16,monitor_500,monitor_1000,monitor,12.077555333333333
18,monitor_10x16,monitor_500,monitor_5000,monitor,14.573824888888888
18,monitor_19x31,monitor_100,monitor_0050,monitor,7.9961519999999995
18,monitor_19x31,monitor_100,monitor_1000,monitor,6.720269666666667
18,monitor_19x31,monitor_100,monitor_5000,monitor,16.31638111111111
18,monitor_19x31,monitor_300,monitor_0050,monitor,4.488824
18,monitor_19x31,monitor_300,monitor_1000,monitor,4.607340555555556
18,monitor_19x31,monitor_300,monitor_5000,monitor,19.318197222222224
18,monitor_19x31,monitor_500,monitor_0050,monitor,5.12028
18,monitor_19x31,monitor_500,monitor_1000,monitor,5.399902444444446
18,monitor_19x31,monitor_500,monitor_5000,monitor,10.160915444444443
20,monitor_06x10,monitor_100,monitor_0050,monitor,3.2046645555555555
20,monitor_06x10,monitor_100,monitor_1000,monitor,7.8529184444444455
20,monitor_06x10,monitor_100,monitor_5000,monitor,8.247842777777779
20,monitor_06x10,monitor_300,monitor_0050,monitor,4.622535333333333
20,monitor_06x10,monitor_300,monitor_1000,monitor,3.225599666666666
20,monitor_06x10,monitor_300,monitor_5000,monitor,5.180246888888889
20,monitor_06x10,monitor_500,monitor_0050,monitor,3.137932777777778
20,monitor_06x10,monitor_500,monitor_1000,monitor,4.528659444444444
20,monitor_06x10,monitor_500,monitor_5000,monitor,5.9662543333333335
20,monitor_10x16,monitor_100,monitor_0050,monitor,2.0249973333333333
20,monitor_10x16,monitor_100,monitor_1000,monitor,3.914164333333333
20,monitor_10x16,monitor_100,monitor_5000,monitor,5.9094105555555565
20,monitor_10x16,monitor_300,monitor_0050,monitor,2.6320802777777774
20,monitor_10x16,monitor_300,monitor_1000,monitor,2.5333185555555557
20,monitor_10x16,monitor_300,monitor_5000,monitor,4.627400777777777
20,monitor_10x16,monitor_500,monitor_0050,monitor,3.2194215555555554
20,monitor_10x16,monitor_500,monitor_1000,monitor,4.368265777777777
20,monitor_10x16,monitor_500,monitor_5000,monitor,8.465114777777778
20,monitor_19x31,monitor_100,monitor_0050,monitor,3.0565439999999997
20,monitor_19x31,monitor_100,monitor_1000,monitor,3.1157634444444446
20,monitor_19x31,monitor_100,monitor_5000,monitor,7.468062999999999
20,monitor_19x31,monitor_300,monitor_0050,monitor,1.973158222222222
20,monitor_19x31,monitor_300,monitor_1000,monitor,3.3601143333333336
20,monitor_19x31,monitor_300,monitor_5000,monitor,3.768588555555555
20,monitor_19x31,monitor_500,monitor_0050,monitor,2.6653645666666663
20,monitor_19x31,monitor_500,monitor_1000,monitor,3.080112111111111
20,monitor_19x31,monitor_500,monitor_5000,monitor,4.161967000000001
